peptide,label_num,label_chr
RQLFRILFR,1,A31
KLFVGFLNR,1,A31
TYLTKFIAR,1,A31
FAEGFVRAL,4,C03
DPFAFIHKI,3,B51
GTVKWFNVR,1,A31
RYISKMFLR,1,A31
YPYVGILHV,3,B51
LYKAISVPR,1,A31
KGLSVFLNR,1,A31
SVFKKFHWR,1,A31
FAVDLFKQL,4,C03
RVYHYFQWR,1,A31
DAHIYLNHI,3,B51
TLAKYLMEL,0,A02
DGYVVKETI,3,B51
GSHSMRYFF,1,A31
MVYLIRVAR,1,A31
AGNYAWVNR,1,A31
RVHSIFVLR,1,A31
GGYRPVWNR,1,A31
KLQPPPLGR,1,A31
RTKLSLIMR,1,A31
KVLDFEHFL,0,A02
AGGDWFTSR,1,A31
MPPPPPQGV,3,B51
NLMEQPIKV,0,A02
RLFNAIIHR,1,A31
ATADYICKV,5,C15
AALDRFVAR,1,A31
KIKFPLPHR,1,A31
FLDPRPLTV,0,A02
RLMKVFVTR,1,A31
ALFQRPPLI,0,A02
AAYMNKVEL,4,C03
AIVDKVPSV,0,A02
RFLDRFVYR,1,A31
RVMFKITAR,1,A31
SMMRNFFTR,1,A31
KIYEGQVEV,0,A02
YAFNMKATV,3,B51
VMKPPQVVR,1,A31
FIVDPVSNL,4,C03
KLKYLAFLR,1,A31
TLFNVIKSV,0,A02
RLFSIVRPR,1,A31
VVNPLFEKR,1,A31
TYYGSFVTR,1,A31
KLLAGFMGV,0,A02
TYYPPPRLR,1,A31
SQKPVMVKR,1,A31
NYWDKFVKR,1,A31
VMDSKIVQV,0,A02
ALGKIPQTV,0,A02
FPIDHFTHI,3,B51
YLLPAIVHI,0,A02
ALAPAPPQV,0,A02
KYIDYIFNV,0,A02
RVNIPKVLR,1,A31
KLHLILDYV,0,A02
TLWVDPYEV,0,A02
QQLYWSHPR,1,A31
ALMPVLNQV,0,A02
ATYVFLHTV,5,C15
TLYEAVREV,0,A02
KLIPQLPTL,0,A02
RFGPGVAFR,1,A31
FLWKEPATM,0,A02
RVNVTGIYR,1,A31
SVNELIYKR,1,A31
RQYENFINR,1,A31
ALWERIEGV,0,A02
LLGPPPVGV,0,A02
RLAQHITYV,0,A02
KLFEFMHET,0,A02
KLLESIFHR,1,A31
RLFWPFSKR,1,A31
TEARFGAQL,2,B40
YEALLNIKV,2,B40
ATWAVPTVR,1,A31
RVLYPRVVR,1,A31
VMFDKITSR,1,A31
ASRPPVTLR,1,A31
MYRMGFFKR,1,A31
ASGDWFTSR,1,A31
ALMDQVHHM,0,A02
RLASYLDKV,0,A02
SYFGKQFLR,1,A31
RLWPKIQGL,0,A02
RMLPHAPGV,0,A02
HVLDVIHEV,5,C15
KLYPWIHQF,0,A02
VGMNFKTPR,1,A31
AMGIAPPKV,0,A02
KYYKYILTR,1,A31
ALAAALAHI,0,A02
SVFSKYFER,1,A31
GMLDLVKKV,0,A02
SFKDYIQER,1,A31
GSHSMRYFY,1,A31
LACGVAKVL,4,C03
NSDPNLHLL,5,C15
ALTGHLEEV,0,A02
TLSDLRVYL,0,A02
RVPPPPPIA,0,A02
SEVQDRVML,2,B40
KILPTLEAV,0,A02
KWYEKFFGR,1,A31
RLPPPFPGL,0,A02
HEEIIKVYL,2,B40
YLHDFLKYL,0,A02
TEVGEKIAL,2,B40
FGIDRPAEL,4,C03
KLLETKWTL,0,A02
SSNPALALR,1,A31
RYRLPVATR,1,A31
DAYTVLTRI,3,B51
HPPSHWPLI,3,B51
RAAIPIAKR,1,A31
SYLDKFFSR,1,A31
ILMEHIHKL,0,A02
SYNYEIVNR,1,A31
FETEQALRL,2,B40
RLVPSVNGV,0,A02
RMFDGKFVV,0,A02
ALMDEINFM,0,A02
NMVAKVDEV,0,A02
SVQGIIIYR,1,A31
FAYDGKDYL,4,C03
FAYDGKDYI,3,B51
DRRFLKLLR,1,A31
ALWDKLFNL,0,A02
QVNKLIHAR,1,A31
YAIKNIHGV,5,C15
VMAPRTLVL,4,C03
SIYPSPTGV,0,A02
RFYDRRFLK,1,A31
FEITPPVVL,2,B40
SLFYKKVYR,1,A31
RVPPPPQSV,0,A02
ALMDEVVKA,0,A02
FVIDPVRNL,4,C03
RLKAFMITR,1,A31
VLWDRTFSL,0,A02
RVFDMIRRR,1,A31
LAYLQRIAL,4,C03
KVKGPALSR,1,A31
FLTEFINYI,0,A02
YGIPAIVKL,4,C03
DGYEQAARV,3,B51
YVDPVNKVL,4,C03
ALATLIHQV,0,A02
VTVPPGPSL,4,C03
KLFIGGLNV,0,A02
KLNPQQFEV,0,A02
RFPSPLAPR,1,A31
KIPTPIVGV,0,A02
ALLDRIVSV,0,A02
YLDKVRALE,0,A02
KLFGMIITI,0,A02
RLAADDFRL,0,A02
IGQSKVFFR,1,A31
TLADLVHHV,0,A02
AQYEEIANR,1,A31
FADELSHLL,4,C03
TTLTKIALR,1,A31
RIFQKFLQR,1,A31
SMFDVHVKR,1,A31
SAIDRIFTL,4,C03
GMAERIPEL,0,A02
HEDKIRVVL,2,B40
ATSPALFNR,1,A31
HYVPKIYCR,1,A31
AEFKEAFQL,2,B40
TLTSKLYSL,0,A02
YLADIFTKL,0,A02
RLFPPLRQR,1,A31
KIADFGWSV,0,A02
FLYEGTKVV,0,A02
HLWNSIHGL,0,A02
ILTDITKGV,0,A02
RTIAPIIGR,1,A31
RLFPPAFRR,1,A31
LLDSKVPSV,0,A02
SLAEGLRTV,0,A02
NIFPYPVGV,0,A02
RLFEHPLYR,1,A31
VMFKEPVEV,0,A02
ALQEMVHQV,0,A02
KNNPKFLAI,5,C15
AEFPLDPQL,2,B40
ATRWPLAVR,1,A31
VMFKTPVSI,0,A02
YGLPVVVKL,4,C03
GVLPNIQAV,0,A02
YLITLLEHL,0,A02
KEIFLRELI,2,B40
ALQEKLWNV,0,A02
SYKARLPLR,1,A31
VTYKYYVGR,1,A31
RVKEYFVFR,1,A31
AIQDKLFQV,0,A02
FLYPFPLAL,4,C03
RIFGPIWNR,1,A31
QTYEKFLHR,1,A31
STYIRLYGR,1,A31
LMYDGTKEV,0,A02
FAALHGPAL,4,C03
YSDDIPHAL,4,C03
KIGEGTYGV,0,A02
SYIDRLAPR,1,A31
KLLFWVTEV,0,A02
RLFSWLVNR,1,A31
KIAPNTPQL,0,A02
GSHIPGWFR,1,A31
KLSLVAAML,0,A02
AQYEDIANR,1,A31
KETEVFYEL,2,B40
FAEDSLRVI,4,C03
VSRLPTIYR,1,A31
ALNELLQHV,0,A02
YAITTLHNL,4,C03
TLFTKELVL,0,A02
RYMFSRPFR,1,A31
HTLEPLIPR,1,A31
RLFGEKTYL,0,A02
AEEDFYEKL,2,B40
TAYRPPALR,1,A31
NLAENISRV,0,A02
TLTNVIHNL,0,A02
DALRSGLTV,3,B51
YLDVVQSNV,0,A02
ALVQDLAKA,0,A02
IIFVPVPQL,0,A02
MLDDRAYLV,0,A02
FLFNKVVNL,0,A02
KLWESPNVL,0,A02
MTILQTYFR,1,A31
YMINFIHKL,0,A02
TVFEHTFHV,0,A02
ALPPVLTTV,0,A02
KLGAVFNQV,0,A02
AMWEHPITA,0,A02
LLLAAPAQA,0,A02
KVITMFVQR,1,A31
KESTLHLVL,2,B40
TLDEKIEKV,0,A02
AMFGKLMTI,0,A02
ASQGFRFLR,1,A31
QLLGSAHEV,0,A02
TQFVRFDSD,1,A31
AEFVGVSHL,2,B40
RYQDILVFR,1,A31
RAFPLFTHR,1,A31
SFYQFQHYR,1,A31
AEYTAKIAL,2,B40
STFVPQINR,1,A31
FDAKRLIGR,1,A31
KMAEMLVEL,0,A02
RMLERVIGR,1,A31
RVFDMLNRR,1,A31
KEIEDFDSL,2,B40
SLSEKQYFL,0,A02
ALSGHLETV,0,A02
SLLQTLYKV,0,A02
RYYYYWHLR,1,A31
NQFPGFKEV,2,B40
GEFADPFKL,2,B40
ALDEVFTKV,0,A02
NMVDIIHSV,0,A02
LLDVTPNAV,0,A02
KIIDFIYTA,0,A02
KVAPAPAVV,0,A02
VLLGKVYVV,0,A02
IVIDPKNPL,4,C03
REAPNPIHL,2,B40
SILEHQIQV,0,A02
VEALIHAIL,2,B40
RYFPVFSDR,1,A31
AGLQFPVGR,1,A31
MPKIKMPKI,3,B51
FLDIHNIHV,0,A02
AAASHFFNL,4,C03
STRPPSVTR,1,A31
FMLPDPQNI,0,A02
DAEMTTRMV,3,B51
RTNIFQIQR,1,A31
YLNVQVKEL,0,A02
FASHVSPEV,4,C03
GVLDTLTKV,0,A02
FLSEVFHQA,0,A02
FIWENIHTL,0,A02
RVQDKYFHI,0,A02
AAFAHFPEL,4,C03
AAEEGLREL,4,C03
DAYVILKTV,3,B51
LLDRFLATV,0,A02
SQIDKLLHV,0,A02
FLLPVINEM,0,A02
SMMDPNHFL,0,A02
SLFGGSVKL,0,A02
TLLRLLYEA,0,A02
ALDKATVLL,0,A02
DAREIVNNV,3,B51
VLFPNLKTV,0,A02
VEVSIPAKL,2,B40
GTRPFVISR,1,A31
GLADKVYFL,0,A02
KIMEQSPDM,0,A02
KEYVGIVRL,2,B40
SEENITIKL,2,B40
LMVDHVTEV,0,A02
YLPHAPPFA,0,A02
RLTPKLMEV,0,A02
DAENAMRYI,3,B51
ALSDHHIYL,0,A02
RSSIPITVR,1,A31
YPSLPTMTV,3,B51
RLFQCLLHR,1,A31
LAKQPGVSV,3,B51
SLLDEFYKL,0,A02
VPPLATNTV,3,B51
DSPESRLTV,3,B51
MVAPAVASV,0,A02
RLYSVSYLL,0,A02
TGYLNTVTV,3,B51
AFKPILSTR,1,A31
ASVDKVLEL,5,C15
RVTVPLVRR,1,A31
VMLDVPIRL,0,A02
TLLGHLDYI,0,A02
ALASHLIEA,0,A02
YPRISVNNV,3,B51
AALPGIVHR,1,A31
LPPPTPSQI,3,B51
KLCEGFNEV,0,A02
MLFGHPLLV,0,A02
HEVMEQQTI,2,B40
HEVMEQQTL,2,B40
VIFVKSVQR,1,A31
AIMDIVIKV,0,A02
MANGAVIHL,4,C03
SVLRRFVVR,1,A31
RVPELFANR,1,A31
YPNAKVELV,3,B51
VFLLWKNWR,1,A31
AYFVPLVKR,1,A31
ALLDKLYAL,0,A02
KVIEINPYL,0,A02
NLCPTRIEV,0,A02
DVYGPQPQV,3,B51
ITAPPSRVL,4,C03
RVIAIRPIR,1,A31
SEFKAMDSI,2,B40
ALSEKIVSV,0,A02
MIIKLITSV,0,A02
ALYDICFRT,0,A02
VMAPRTLIL,4,C03
VMAPRTLLL,0,A02
LLPPPGSCA,0,A02
RVLDALVAR,1,A31
SEMDITPKL,2,B40
TLWGIQKEL,0,A02
HAYPPGPGL,4,C03
KEFDGKSLV,2,B40
KLGSVPVTV,0,A02
QLVDIIEKV,0,A02
KVIDYVPGI,0,A02
ALADGVQKV,0,A02
FLMDFIHQV,0,A02
KIPDWFLNR,1,A31
AALDKATVL,4,C03
SIAAVLPKV,0,A02
KLDQVIIHV,0,A02
VDDTQFVRF,2,B40
SLADFMQEV,0,A02
IESNHPIVL,2,B40
VYITNFHVR,1,A31
AAVPRAAFL,4,C03
VLSPPRWPR,1,A31
SLLSHVEQL,0,A02
KMDEVLYSI,0,A02
YGYSNPKIL,4,C03
HLYDIHVTV,0,A02
RSNPKIWNV,5,C15
AYAEYVIYR,1,A31
RIIDVVYNA,0,A02
AILKYIETL,0,A02
ALLKYIETL,0,A02
KIPPVSPSI,0,A02
RYYTPTISR,1,A31
VLMEKPDVV,0,A02
RLALFVETV,0,A02
VLMTEDIKL,0,A02
TEDITRYYL,2,B40
ILLHLESEL,0,A02
AMATVTALR,1,A31
NEFPEPIKL,2,B40
FLDPDRHFL,4,C03
AWKSWTALR,1,A31
RLAVYIDRV,0,A02
SMYDKVLML,0,A02
ALNEKLVNL,0,A02
SEVMGEPHL,2,B40
ALMGSPQLV,0,A02
KLFEEIREI,0,A02
FAIDPHLLL,4,C03
KEWMPVTKL,2,B40
IIDGKIFCV,0,A02
KESEVFYEL,2,B40
RVMGIRVLR,1,A31
FSSDHLIEM,5,C15
RYSVIVKSR,1,A31
GSWDGTLRL,5,C15
SEFYKHIVL,2,B40
KYPVWLWKR,1,A31
YLGDVSERV,0,A02
GTIVPRWMR,1,A31
VIVELIYKV,0,A02
AYKLPGILR,1,A31
GLFQGKTPL,0,A02
FLLDKKIGV,0,A02
ALTSLLKTV,0,A02
SLTGRLDEV,0,A02
KIVDFSYSV,0,A02
TLADVLYHV,0,A02
HAIPPTLAM,4,C03
YLSKIIPAL,0,A02
VGQSKIFFR,1,A31
RYYDILKKR,1,A31
YLFERIKEL,4,C03
AEANHFIDL,2,B40
ILAELLLRV,0,A02
YITERIIAV,0,A02
FAMDVYKNL,4,C03
KTFSPDVFR,1,A31
AMNGHVPAV,0,A02
RLLDFLQKR,1,A31
SVLGKIWKL,0,A02
SLGEGHLSV,0,A02
ALDEYNMKI,0,A02
TVFTNPPQV,0,A02
SPFPDIPKV,3,B51
ALKDLINEA,0,A02
RLLHEMILV,0,A02
FLSFMNTEL,0,A02
DAPHPPLKI,3,B51
YLSEKVLAA,0,A02
SVIEQLFFV,0,A02
KTLGKLWRL,0,A02
FVLDKVPFL,4,C03
RLFGGLLRR,1,A31
KLFDAPLSI,0,A02
SLAEGRLYL,0,A02
YLLESVNKL,0,A02
NAYEYFTKI,3,B51
GEFAKVLEL,2,B40
WLAEKLPTL,0,A02
IPYHIVNIV,3,B51
TTFDKEFLL,5,C15
IEQEIRILL,2,B40
YAEEYAKAL,4,C03
KLLEYIEEI,0,A02
TLVDFPLHL,0,A02
YESPGKIFL,2,B40
RLGPVPPGL,0,A02
VADTVARVL,4,C03
FLNKEITSV,0,A02
SLMSHAIEL,0,A02
TENRYCVQL,2,B40
SLYEMVSRV,0,A02
YLEEFITNI,0,A02
SLLRVGWSV,0,A02
RLIAQRYLL,0,A02
YLINEIDRI,0,A02
SVLGRIWKL,0,A02
ALNGKIYFR,1,A31
KVPEWVDTV,0,A02
REEPEKIIL,2,B40
KEGFPITAL,2,B40
KEGFPITAI,2,B40
KEEPGAFVI,2,B40
YAAGVHSVL,4,C03
SMTLAIHEI,0,A02
ATLGAILNR,1,A31
HLIAEIHTA,0,A02
LPFEVLQHI,3,B51
ALFGIPMAL,0,A02
AMITVHTPR,1,A31
KLLAVIHEL,0,A02
DAYVLPKLY,3,B51
KEDEDIYKL,2,B40
GLLHLEPTL,0,A02
YSLDHISSL,4,C03
ALFEGKVQL,0,A02
SEDPDQQYL,2,B40
KLLEVQPQV,0,A02
NLIEKSIYL,0,A02
RLHERLVAI,0,A02
SLFPGKLEV,0,A02
AALHFNPRL,0,A02
ILYGKIIHL,0,A02
KINGKVAER,1,A31
KLCPHEEFL,0,A02
SICNGVPMV,0,A02
HIMPTVHTV,0,A02
RSMVQFIGR,1,A31
TLTGKTITL,0,A02
SLVEIILHV,0,A02
SLFDLNFQA,0,A02
KLSELEAAL,0,A02
SLFKELQEA,0,A02
KLNPGIAYV,0,A02
GVISKTFQL,0,A02
SEDEVKLAL,2,B40
TLSERLWGL,0,A02
KESSTVFEL,2,B40
DALQYLQKV,3,B51
AEFPLEPML,2,B40
KFKLALINR,1,A31
DAFCKPQLV,3,B51
HLTDITLKV,0,A02
KMLDHPHII,0,A02
NLLPKLHIV,0,A02
VLDDKDYFL,0,A02
TECRYATQL,2,B40
FLINFIHTL,0,A02
RVITALVER,1,A31
AVKGYFTLR,1,A31
KLLPQLTYL,0,A02
FNDPNAKEM,4,C03
IVDDITYNV,0,A02
AMAEGKITV,0,A02
FLPPPFPPP,0,A02
RLWGEPVNL,0,A02
SLIKQIPRI,0,A02
SLLEKSLGL,0,A02
MPYKGMTTV,3,B51
VLDDKLVFV,0,A02
SLDVSAPKV,0,A02
KTFSEILNR,1,A31
ISNPIPIKV,5,C15
QGYSDFINR,1,A31
FLKDLVASV,0,A02
IFYPHLQPR,1,A31
GLQKMVPLL,0,A02
IAPPVPLKA,3,B51
ALNEQIARL,0,A02
RMWGRLVGL,0,A02
KIIDIFTTL,4,C03
KLDVGNAEV,0,A02
ALMDLLLRL,0,A02
AIMDLLLRL,0,A02
GEITGEVHM,2,B40
AVFPSIVGR,1,A31
LLDPSVFHV,0,A02
ALYDNVEKL,0,A02
YELPDGQVI,2,B40
ALPEIFTEL,0,A02
AAMKALQAL,4,C03
FVCDIRPEI,0,A02
GLFAPQFYV,0,A02
IYGSKFQLR,1,A31
SLAPLFFKL,0,A02
ASLGNLFAR,1,A31
RVGDVYIPR,1,A31
LLDVPTAAV,0,A02
YAISKPEVL,4,C03
GEPRFIAVG,2,B40
FLDDVVHSL,4,C03
RVDDFKKAF,4,C03
TVTKYWFYR,1,A31
RMYELVHRM,0,A02
AEDPLSITF,2,B40
ISNNRTLEL,5,C15
KLYDGFQYL,0,A02
SMPDFDLHL,0,A02
KLLSKFYEL,0,A02
SVDVSPPKV,0,A02
IPDGGVHII,3,B51
SVLDYFSER,1,A31
TVLGYFIGR,1,A31
YLTDRVMTV,0,A02
FAYPAIRYL,4,C03
KLYELIITR,1,A31
SLSDIQPCL,0,A02
TLWGGLLRL,0,A02
SLCPDLMEI,0,A02
RSFSLGVPR,1,A31
ATMPVVPSV,5,C15
FVLPELPSV,0,A02
VLGELVPRL,0,A02
GEVPTIESL,2,B40
ALIKQLFEA,0,A02
DAPIVAHLW,3,B51
KLDAFVEGV,0,A02
VIAEILRGV,0,A02
FADDGVKYL,4,C03
SLHFLILYV,0,A02
ATLLIQYER,1,A31
KAMELIREL,4,C03
KEPEINTTL,2,B40
MLLDFIQHI,0,A02
SVHKGFAFV,0,A02
SECGPFIKL,2,B40
ATFKDLLTR,1,A31
KLFDQANKL,0,A02
SLFERLVVL,0,A02
RYIEIFPSR,1,A31
AEAESMYQI,2,B40
GQLDFSEFL,0,A02
AELPLRLFL,2,B40
IMDDKSLNI,0,A02
SLHSLLWEA,0,A02
KEVNFTSEL,2,B40
KICDYLFNV,0,A02
VVYPKVIER,1,A31
MSDTTFKAL,4,C03
ISEENFRVM,4,C03
VPPEWVPII,3,B51
KLIDDVHRL,0,A02
FVDDYTVRV,0,A02
FLDEPTNHL,4,C03
KLVELPYTV,0,A02
TLCDYIYEL,0,A02
LLMATILHL,0,A02
LLLAQLSDA,0,A02
AEPDIIEQL,2,B40
KMLEKLPEL,0,A02
SLWFKPEEL,0,A02
KLREDLERL,0,A02
YLSQDTVSV,0,A02
WEEERQPIL,2,B40
MSVQPTVSL,4,C03
FPFGKIGTV,3,B51
YPPWPGKIV,3,B51
KIFEDIPTL,0,A02
ALLNIKVKL,0,A02
GMYVFLHAV,0,A02
YLCYEVERL,0,A02
VLKEYLDNV,0,A02
FLYAGHIFL,0,A02
RLQESVMEA,0,A02
TLFPVRLLV,0,A02
ALASVIKEL,0,A02
SLLENLEKI,0,A02
YLGPHIASV,0,A02
RLLPKVQEV,0,A02
ALFSFLYHL,0,A02
ALLGKIEKV,0,A02
SEPPVYANL,2,B40
SGKIIFVGR,1,A31
RLPPVTLQV,0,A02
SLFSAVHKI,0,A02
LLPEGPPAI,0,A02
SLYDYNPNL,0,A02
YEQLLDVKI,2,B40
YEQLLDVKL,2,B40
AFKDIPVQR,1,A31
YLDEIVKEV,0,A02
SLLDLHTKV,0,A02
AQQLITICR,1,A31
KILDLETQL,0,A02
GMLEKIDMI,0,A02
EIRELQSQI,0,A02
SVLKELQNR,1,A31
SYGPGPSLR,1,A31
ALYHLAIKL,0,A02
YIYKDTIQV,0,A02
ALLSRLEQI,0,A02
SAIPHPLIM,4,C03
YQYPVIIHL,2,B40
TVFKITVGR,1,A31
HLFETISQA,0,A02
RVIGTLEEV,0,A02
GLNDFIQKI,0,A02
NMYGKVVTV,0,A02
KVLGIVVGV,0,A02
SLQEKLWAI,0,A02
AVNMVPFPR,1,A31
SLITRLLEV,0,A02
YAFPKSITV,4,C03
AMFDKKVQL,0,A02
TLDDKKVYL,0,A02
TIMPKDIQL,0,A02
TLWYRAPEV,0,A02
ALDKALTSV,0,A02
YLADLYHFV,0,A02
HLLNESPML,0,A02
KMPDDVWLV,0,A02
YAYDGKDYL,4,C03
YAYDGKDYI,3,B51
RLFVIRPSR,1,A31
GAFGKPSSL,4,C03
DAITQQNTI,3,B51
SMMSPMAER,1,A31
LLNDRIWLA,0,A02
AALPNVYEV,0,A02
AINPKLLQL,5,C15
RLWDRAYVR,1,A31
TLYEHNNEL,0,A02
RLFHKTVYL,0,A02
KVLDVLWEL,0,A02
DAYSFSRKI,3,B51
GLHFVVPSV,0,A02
LEFLDRESI,2,B40
FSNPRALYL,5,C15
FISEFEHRV,0,A02
KLQEFLQTL,0,A02
LPNNRELYI,3,B51
YLPPGFLSA,0,A02
SEVIFGHVL,2,B40
VTVRPGLAM,4,C03
LEIELQSQL,2,B40
SFKAELSYR,1,A31
KISTITPQI,0,A02
GLCPHVVVL,0,A02
TLSEVTNQL,0,A02
NLLTHIENV,0,A02
KLFNKFIGK,1,A31
YLKDFFSNV,0,A02
LQFPVGRVH,1,A31
HLSIINEYL,0,A02
FLFPRSIDV,0,A02
ALVSSLHLL,0,A02
FLFDHLLTL,0,A02
GLFQHICTA,0,A02
SLLRSIFTV,0,A02
KLDENSAFL,0,A02
AMIELVERL,0,A02
ALNDEINFL,0,A02
SSDPDFRVL,4,C03
VLLGHIFYV,0,A02
SEPHILETL,2,B40
AEDVQHQIL,2,B40
KILSELFTV,0,A02
SFTPDHVVY,1,A31
MSSPLSKEL,4,C03
VPYIGIVTI,3,B51
RLASYLDRV,0,A02
SVITQVFHV,0,A02
ALAPGLPTA,0,A02
SLHDRIYVI,0,A02
GSHSMRYFT,1,A31
FLGSFIDHV,0,A02
HTYFPVSSL,4,C03
VLKVIVVMR,1,A31
EPFADFHRV,3,B51
DALLKFSHI,3,B51
LPPPPMQYI,3,B51
VLIDYQRNV,0,A02
YLGRLAHEV,0,A02
SELDLISRL,2,B40
SLTGHISTV,0,A02
DVANKIGII,3,B51
AALPKATIL,4,C03
AEYQDLTFL,2,B40
IQKPGLLGR,1,A31
FLDSTSPLL,0,A02
DARLFTEKI,3,B51
ALDGKIYEL,0,A02
SAFPFPVTV,5,C15
YVTPVQPLL,4,C03
VVVAVGRAL,4,C03
TIAQLVHAV,0,A02
SMYGKEELL,0,A02
ALFNGAQKL,0,A02
KLDESIYDV,0,A02
FLQPELVKL,0,A02
AYLAWRLAR,1,A31
KEEIGNVQL,2,B40
KILDYEVTL,0,A02
FLIRESETL,0,A02
KYLNPFFTR,1,A31
AAIHPSLEI,4,C03
TLVEAIKQV,0,A02
LPNAVITRI,3,B51
KELPEYYEL,2,B40
RSVAGLLPR,1,A31
QLYPRNFLR,1,A31
ATTPIFANR,1,A31
GMVEFQEGV,0,A02
NLYPFVKTV,0,A02
AILTTLIHL,0,A02
ALITTILHL,0,A02
AEASMISKL,2,B40
SLWGQPAEA,0,A02
YPFFRGVTI,3,B51
TLWYRPPEL,0,A02
VLWKEILFL,0,A02
ALLELLHEL,0,A02
FEDEKPALL,2,B40
KMLAGCFLL,0,A02
IEVENKEVL,2,B40
QIISRLFHR,1,A31
ALLKQIQEA,0,A02
IPPPNPLAV,3,B51
FVIRNIVEA,0,A02
ALFGDVKFV,0,A02
SEFPKPQIL,2,B40
GTAKWAWLR,1,A31
TLQEQLEKA,0,A02
DALGKLISI,3,B51
SLLDIIEKV,0,A02
YLIPLLERL,0,A02
DAYKGLFEV,3,B51
SAVEPKTAL,4,C03
LLDKVYSSV,0,A02
KILPDLNTV,0,A02
KLAAAISEV,0,A02
ALWGFFPVL,0,A02
FAEGKPLAL,4,C03
VLYPGCDTL,0,A02
RMFRWLVLR,1,A31
RVTDFFARR,1,A31
SLHNGVIQL,0,A02
FLVGERVTL,0,A02
FAVIGRSSL,4,C03
ALNNLLHSL,0,A02
SEHGINIDL,2,B40
RTSEIYVHR,1,A31
IAIPVTQEL,4,C03
KVFSGKSER,1,A31
GLNEEIARV,0,A02
FLFELPSRL,0,A02
SLAEFVQSL,0,A02
VLMKALEYL,0,A02
LPFEPVPVI,3,B51
SLFEGTWYL,0,A02
GLHGWAFTL,0,A02
ILLDAHYHV,0,A02
FPYMTHPSV,3,B51
SLFSMLHQA,0,A02
SEPPSEISL,2,B40
NTIDPSHPM,4,C03
DPYGFLTTV,3,B51
FLSTLEHHL,0,A02
HACGVIATI,0,A02
KILEDVVGV,0,A02
GLIDGRLTI,0,A02
ALFPERITV,0,A02
ALIARVTNV,0,A02
GLWGPVHEL,0,A02
RSLPFFSAR,1,A31
VLNEYFHNV,0,A02
KMQETLVGL,0,A02
ALYPNVVQV,0,A02
ALYEQSLHI,0,A02
SLAQYLINV,0,A02
FISEIIHQL,4,C03
YLSGIAHFL,0,A02
DPKVQINAI,3,B51
TLLTAIVKL,0,A02
ILNEIVNFV,0,A02
SLKRLFVER,1,A31
RIKPPWVVK,1,A31
KLMELLEEI,0,A02
TEVRELVSL,2,B40
SLYSQVHQI,0,A02
LLAELLTHL,0,A02
SIIGRLLEV,5,C15
YTIPPGHQV,4,C03
DALDKIRLI,3,B51
ALLDQLHTL,0,A02
FMNDAIEKA,0,A02
ILDQKINEV,0,A02
TAYDNFVEL,4,C03
FSEGGERLL,4,C03
YLPPATQVV,0,A02
VLLESEQFL,0,A02
RLIESLFTI,0,A02
TLAEIYVAA,0,A02
GEAIDRSLL,2,B40
GLALKVQEV,0,A02
SEVPQNVGL,2,B40
AQFGGKILR,1,A31
FLFEPVVKA,0,A02
SLYDWNVKL,0,A02
ATKIEITMR,1,A31
QILDGVHYL,0,A02
RLMNETTAV,0,A02
AEYFELPEL,2,B40
SLSDHIVLL,0,A02
REGHLPSLL,2,B40
REGHLPSIL,2,B40
AMTKDNNLL,0,A02
ILACGVAKV,0,A02
SLIRSVVAL,0,A02
FLPPLPTSV,0,A02
RQFEVKFEV,0,A02
ALHDILTEI,0,A02
ALNGKLYIV,0,A02
KILVSLIEV,0,A02
REYQELMSV,2,B40
ASFGGLASR,1,A31
TAFVPTALR,1,A31
SEILDGNQL,2,B40
KLHDINAQL,0,A02
SLEELLHYV,0,A02
VQTEVNREL,2,B40
SMTDVLTML,0,A02
KQVEEIFNL,0,A02
NLAEKLIGV,0,A02
KLYSLLFRR,1,A31
VVKPPGSSL,4,C03
TLFPKDVQL,0,A02
GLIDWNMFV,0,A02
SLFKLIVKV,0,A02
TENLVRELL,2,B40
YTTDRVMTV,5,C15
HLLEEPIYL,0,A02
TTFPRPVTV,5,C15
LLDPRIYYI,0,A02
KLCDIIVHI,0,A02
GDILGKYVD,2,B40
ALAALHVTL,0,A02
VIFDEVHYL,0,A02
VIFDEVHYI,0,A02
SEMRFVQDL,2,B40
ALCPHLKTL,0,A02
DAMKYTIVV,3,B51
TLLEKDYFL,0,A02
YLMEVTHDL,0,A02
KILQELPSV,0,A02
TLLDSTWNL,0,A02
SLFPGQVVI,0,A02
SLSSVLSHV,0,A02
ATQSFSTFR,1,A31
FLDEYIFLA,0,A02
AEINNIIKI,2,B40
IAYKFGKTV,3,B51
YVINVTTHL,4,C03
FLNSEIHQV,0,A02
ALIEKLVEL,0,A02
HLIEPLANA,0,A02
SLADLYFRA,0,A02
YLIHFPVSV,0,A02
FAPPQPVAA,4,C03
KLHGVNINV,0,A02
ALFEEVPEL,0,A02
KVLDLKINL,0,A02
GEVVGKFYL,2,B40
IAISRTPVL,4,C03
AEKETELSL,2,B40
QLLDLMHTL,0,A02
FLEKLLPPV,0,A02
HLIHEVTKV,0,A02
YIDDVFHAL,4,C03
LSFSKDWSF,4,C03
AEKVEIATL,2,B40
TLMDILPRI,0,A02
FLDNACHQL,0,A02
ALLGRVYDV,0,A02
HIIENIVAV,0,A02
RLDDLKMTV,0,A02
KTLEGEFSV,5,C15
VATEKAVEL,4,C03
SLLPAIVEL,0,A02
SVLKSIQEV,0,A02
AELIVQPEL,2,B40
FLFGYPKRL,0,A02
YLLDLHSYL,0,A02
SLLGFVYKL,0,A02
HLWAELVFL,0,A02
VLLEKVIFA,0,A02
SLLDNMIGV,0,A02
SAHSHFISL,4,C03
SLKEELAYL,0,A02
VLIPKLPQL,0,A02
ALMEEILKL,0,A02
VLFYAITTL,0,A02
AAVNHISQL,4,C03
KSMTLPSYR,1,A31
RLFSKGFLV,0,A02
GLLRVISGV,0,A02
SMSADVPLV,0,A02
ALFPGVALL,0,A02
DAMKVAFLI,3,B51
LTDPDIHVL,4,C03
ALQSLLHLL,0,A02
EPPPVSTVV,3,B51
FLFQEPRSI,0,A02
KLWEAESKL,0,A02
ALSSVIKEL,0,A02
REWKGIDRL,2,B40
FLITILDHL,0,A02
HLINFSETL,0,A02
FLTEINSTV,0,A02
TLFDYEVRL,0,A02
FLLPGHTRL,0,A02
ALTGELEVV,0,A02
TAISLFYEL,4,C03
DALLIIPKV,3,B51
MLLDIKTRL,0,A02
KALQFLEEV,0,A02
AENKDEIAL,2,B40
SMLEDVQRA,0,A02
KLLDILSYL,0,A02
GSYAKVLLV,5,C15
KETTYYDVL,2,B40
FLFNTENKL,0,A02
VLFEDVYEL,0,A02
LLGPRLVLA,0,A02
VQKLPMIGR,1,A31
ILFDPKTSV,0,A02
YLDLSENRL,0,A02
VLLSEILHL,0,A02
ALAPSTMKI,0,A02
SVADTVARV,0,A02
SLNEYEAKL,0,A02
RAIDFSPYL,4,C03
GEIVTIAHL,2,B40
ALSPHNILL,0,A02
LPPEYASTV,3,B51
ALNAVRLLV,0,A02
FLDHIIASV,0,A02
SLLESVQKL,0,A02
KSIANLIER,1,A31
TLCDLYETL,0,A02
GMASVISRL,0,A02
IITKDLFQV,0,A02
AMYPDQVQL,0,A02
ALTELLAKI,0,A02
RISDVHFSV,0,A02
AEVEPGVHL,2,B40
GLFAGPCKV,0,A02
AEDPLVQSL,2,B40
VLIENVASL,0,A02
RTILPGFQR,1,A31
LPWEEREKI,3,B51
GETKSIVEL,2,B40
REHDIAIKF,2,B40
RLVPFLVEL,0,A02
PKFLRNMRF,2,B40
AMLTVLHEI,0,A02
SLAEKIQAL,0,A02
ITVGPRGPL,4,C03
IMLEALERV,0,A02
ILCELINKL,0,A02
MLANDIARL,0,A02
LLFDRPMHV,0,A02
YEDATKITV,2,B40
SLFEEMLQV,0,A02
TLDAGNIKL,0,A02
RTAALPTFR,1,A31
SVLDQKILL,0,A02
AEFEDLDSL,2,B40
KMVGFIIGR,1,A31
KVIDEIYRV,0,A02
DALNIETAI,3,B51
KEEDIMTAL,2,B40
LLLPGPSAA,0,A02
ILWEHCIRL,0,A02
RMIGQICEV,0,A02
AEQRGELAI,2,B40
AEQRGELAL,2,B40
SLSMVNHRL,0,A02
SLHDAIMIV,0,A02
SLLGHLMIV,0,A02
KLAELEEAL,0,A02
RVLDELTLA,0,A02
LPYPVKIKV,3,B51
SVFLYQSLR,1,A31
FTSVSRPGR,1,A31
ELFSSPPAV,0,A02
ALRDVSEEL,0,A02
HENEDIYKL,2,B40
FTDAGLKEL,4,C03
GLVDKLQAL,0,A02
RLAADDFRV,0,A02
SLVPHNYGL,0,A02
GLYSRQLYV,0,A02
LLDEPTNHL,0,A02
ILDEPTNHL,0,A02
VPVGFFSHI,3,B51
AIISKLVAL,0,A02
FIISRTQAL,4,C03
RLLDKWVEL,0,A02
QLDDLKVEL,0,A02
FIFSDTHEL,4,C03
AEITDKLGL,2,B40
VGDPSVHLL,4,C03
YLGHLQQYV,0,A02
FLLSEPVAL,0,A02
KLIQESPTV,0,A02
VEFFHVEDL,2,B40
SLADLMPRV,0,A02
YLQPKLLGI,0,A02
SEIVGTIKL,2,B40
RLFPKGFSV,0,A02
LPEDKPRLI,3,B51
RLIQESPTL,0,A02
FVIETARQL,4,C03
SLAELVHAV,0,A02
GELKIAYQL,2,B40
RLLEQKVEL,0,A02
KINEAIVAV,0,A02
NLVPMIIHL,0,A02
ALPENPPAI,0,A02
KEEPPQPQL,2,B40
ALLDSAHLL,0,A02
KMWEKAIKL,0,A02
ILDDSHLLV,0,A02
KYLAFLRKR,1,A31
SAIGYIHSL,4,C03
SALGYLHSL,4,C03
VVVDPIQSV,0,A02
KLNDLIQRL,0,A02
SEVQGMVEL,2,B40
SLIGKVQAL,0,A02
YTTDFIYQL,4,C03
NMMSGISSV,0,A02
QLAEDLKKV,0,A02
FVFPGELLL,4,C03
AESHIILVL,2,B40
DADGHFHLI,3,B51
ILAQEIVKA,0,A02
GLATDVQTV,0,A02
TLASIIKEV,0,A02
DPYEVSYRI,3,B51
NLAKCIVSV,0,A02
KTSDFLKVL,5,C15
KIPPVTPSI,0,A02
KLFCLETFL,0,A02
GVTAIIFCV,0,A02
VLSELLWQV,0,A02
ALLGFGYRL,0,A02
LLDVTPLSL,0,A02
FLKEYLHFV,0,A02
ALLDGRVQL,0,A02
IIMEEVVKL,0,A02
RTIEYLEEV,5,C15
VLAWGLLNV,0,A02
SLKTFVHTV,0,A02
ALAKLVEAI,0,A02
KLILLITQV,0,A02
KLDADMPEV,0,A02
TIDPNTRTL,4,C03
SVDVSAPKV,0,A02
SAAFPGASL,4,C03
KVFSAFITV,5,C15
MLAWINESL,0,A02
ILDPHVVLL,0,A02
GLLEKGVYV,0,A02
TLQEVHFLL,0,A02
TLLDRMVHL,0,A02
LETLGQEKL,2,B40
KLSEIPLTL,0,A02
LLAEKVEQL,0,A02
IQDKCVPLV,0,A02
GEVDFKEFI,2,B40
AEMQFGELL,2,B40
RLIDRIKTV,0,A02
FLLALEPEL,0,A02
LVLAPTREL,4,C03
ILGPKPQGV,0,A02
ALGPTSLRV,0,A02
YIFEEPFTI,0,A02
LLSDTVQHL,0,A02
SLFEELQSL,0,A02
GEIVEKIGV,2,B40
ALFFQLVDV,0,A02
TLSDIKALI,0,A02
FLSSVIQNL,0,A02
SMPDVDLHV,0,A02
ALLETNPYL,0,A02
RLYQGINQL,0,A02
FEWENKVTV,2,B40
FTIDGPLCL,4,C03
ATIGELAQV,0,A02
ILVQVIPVV,0,A02
AESLPPPTL,2,B40
SESPIVVVL,2,B40
ILYGEVEKL,0,A02
VLVDRTIYI,0,A02
KMADIEYRL,0,A02
DAYKIRIRI,3,B51
RQIDQFLVV,5,C15
YEDIKNVVL,2,B40
LLWEVVSQL,0,A02
FLFGEVHKA,0,A02
RLQEELEKL,0,A02
YLPELLQTV,0,A02
GELLMHPVL,2,B40
ALAEEVRKL,0,A02
GEVKDFPDL,2,B40
ALLGDLTKA,0,A02
KEDENVPFL,2,B40
SLTSEIHFL,0,A02
ALNSKILSV,0,A02
ALCPQVINA,0,A02
SEEPFVVKL,2,B40
VLDSVDVRL,0,A02
SLPKGVVEV,0,A02
GLKNGVPAV,0,A02
LESDFRDVL,2,B40
YLGNINPQM,0,A02
KLFDRPQEL,0,A02
KLVGEFLEV,0,A02
VLDDKLYVV,0,A02
GLYPGLIWL,0,A02
NEFPVIVRL,2,B40
LLYDAEIHL,0,A02
DARPSVNAV,3,B51
DAHSNLASI,3,B51
FLNDEVWNL,0,A02
KLLPSVTEL,0,A02
KALSIFNEL,4,C03
SVMNSVVSL,0,A02
HLAEVLERV,0,A02
LPYVGMVTI,3,B51
KEIGELTQL,2,B40
ALLQRLEAL,0,A02
YLNHLEPPV,0,A02
IEIDSPYEI,2,B40
KLYGKPIRV,0,A02
KLDQDLNEV,0,A02
TLTDCVVVV,0,A02
QLLDFSQKL,0,A02
SLFERLVKV,0,A02
VLGPDLKSV,0,A02
GLVDQLVKA,0,A02
YLLPKDIKL,0,A02
ADIYKLRIR,1,A31
ALVDQLWKL,0,A02
LILDPIFKV,0,A02
ALSSLIHAL,0,A02
ALASHILTA,0,A02
AMAEMVLQV,0,A02
SLLYNVPAV,0,A02
SAFDHFASV,3,B51
ILLPRIIEA,0,A02
KEGVIIEIL,2,B40
SMFGKLIDL,0,A02
QLFSEIHNL,0,A02
GEIDHVHIL,2,B40
IEYAKPTRL,2,B40
ALLGELARL,0,A02
VLHNLSYRL,0,A02
NVLDHFSEL,4,C03
AVYDFFIGR,1,A31
KLEEIIHQI,0,A02
RILPWSTFR,1,A31
DALDHYKTV,3,B51
TLCDVILMV,0,A02
SEVIGPVSL,2,B40
YLYPDITRL,0,A02
GLAKLIADV,0,A02
IPFSKPVKV,3,B51
ATIPPISSL,4,C03
HLDHFSPLI,0,A02
GLCERLVSL,0,A02
TAMDVVYAL,4,C03
TPMPPISSV,3,B51
SLLQGSPHL,0,A02
SLAEVNTQL,0,A02
YVLPEVSKV,0,A02
KISVIVETV,0,A02
AAEDAIRNL,4,C03
QQIGKVVQV,0,A02
FLLGKEVSL,0,A02
VILPPRPPK,1,A31
SLLDPVPEV,0,A02
YEIHDGMNL,2,B40
SELKETVEL,2,B40
MLFPGSIAL,0,A02
QLLEKVIEL,0,A02
ALSLVSCKL,0,A02
QIDPSIQRV,0,A02
SLVDGYFRL,0,A02
KEFAQIIKI,2,B40
FLFDVVSKI,0,A02
HLYSEVKEV,0,A02
LPAADVKNI,3,B51
VLDEGKMKL,0,A02
FAISILQQI,4,C03
FAISILQQL,4,C03
ILLDVKTRL,0,A02
YTNGKCVIL,5,C15
GLAPLHIQL,0,A02
AETLYKEIL,2,B40
SLISGIIRA,0,A02
ALVVQVAEA,0,A02
WPFAAISTV,3,B51
NVIERLQEA,0,A02
NLYGLLHGL,0,A02
AMIPGPQTV,0,A02
SAVSIFHEL,4,C03
VIWGKVTRA,0,A02
ALDTSNVMV,0,A02
GLFAPVHKV,0,A02
KLKDLAFLK,1,A31
FLHEATARL,0,A02
KTWDRFQMR,1,A31
ILLDRLLYL,0,A02
DALRSILTI,3,B51
FLLEKGYEV,0,A02
KLGPEGELL,0,A02
FLFSKFIEL,4,C03
ALLALLPEL,0,A02
ATLNIIHSV,5,C15
RLIDLGVGL,0,A02
VIIEKYYTR,1,A31
SLHEFLVNL,0,A02
RLAVYIDKV,0,A02
VEFVKSFNL,2,B40
KLLKDLPEL,0,A02
VLADQVWTL,0,A02
TLQDSIRKV,0,A02
FAVLRGAVL,4,C03
KLISELQKL,0,A02
TMLGVSHVV,0,A02
GLLVGSEKV,0,A02
ILMGVLKEV,0,A02
YLDNGVVFV,0,A02
LLQESLAQA,0,A02
YLNDGLWHM,0,A02
GLDIPTVQV,0,A02
SILETVTAV,0,A02
HETAFQGML,2,B40
LPHLPSLEI,3,B51
FAMPYFIQV,5,C15
GLAPLEVRV,0,A02
ALSKTIAAL,0,A02
AQFEHTILL,0,A02
KLVENCVCL,0,A02
YMDQWVPVI,0,A02
ALNEDIVRV,0,A02
SLITLIEKV,0,A02
TLNEKLFLL,0,A02
GIDSSSPEV,0,A02
AAAYPHTSL,4,C03
ILQDGRIFI,0,A02
RFFHDRRER,1,A31
KEGFPITSL,2,B40
DAMSILETI,3,B51
KIIEYSVYL,0,A02
TLTDEINFL,0,A02
LALFPGVAL,4,C03
RLLSFVVLA,0,A02
AIAPIIAAV,0,A02
AEISQPPAL,2,B40
ALLKVNQEL,0,A02
GLFQKLENI,0,A02
ALSDYDLVL,0,A02
KILEINPKL,0,A02
SLLDKIIGA,0,A02
KTCPIQIKV,5,C15
VLCELINAL,0,A02
VTIYLLPHI,0,A02
AILTVVPKI,0,A02
SEKVTMQNL,2,B40
VLAEELHKV,0,A02
SLRSEIERL,0,A02
AVIPRLVQL,4,C03
AEIAEIARL,2,B40
GLLERVKEL,0,A02
KTPDFILQV,5,C15
FLDITNPKA,0,A02
FILPYIHKA,0,A02
IYQDSFEQR,1,A31
TIRYPDPLI,0,A02
AQYDRQIRL,2,B40
LLDVQPHTV,0,A02
KEGADFILL,2,B40
FLDKNDHSL,0,A02
DSYPVVNLI,3,B51
LIPPSLQGV,0,A02
VMLEYVERA,0,A02
VLTGILEQV,0,A02
LLMEHIQEI,0,A02
SLVEELKKV,0,A02
MVIVPTREL,4,C03
KLIAQNLEL,0,A02
VLADALKSI,0,A02
LPWSNPLKV,3,B51
ATSPIIIHR,1,A31
DALLQMITI,3,B51
GLKEGIPAL,0,A02
SLAQYLINA,0,A02
VPLPNVPSI,3,B51
TLIEEMLYL,0,A02
KISEVVELL,0,A02
FTWEGLYNV,0,A02
LLLEILHEI,0,A02
SEQGGVLLL,2,B40
RIIDTVAQV,0,A02
LLEPFVHQV,0,A02
SILHDVVEV,0,A02
VLYTGDFRL,0,A02
ILVDTVWAL,0,A02
SLQSTILGV,0,A02
SEIEGIQSL,2,B40
GLMADPMKV,0,A02
ILHDDEVTV,0,A02
KVWGNVVTV,0,A02
RLSPVSPAL,0,A02
KESSFDIIL,2,B40
HEVEKMFTL,2,B40
YIVDLLTHL,4,C03
KLGVRLYYR,1,A31
SLLGGNIRL,0,A02
ATLLRPVLR,1,A31
VLMLQEPLL,0,A02
ALSGLAVRL,0,A02
VLYSIAEKV,0,A02
LPYGLERAI,3,B51
LEARPEVVL,2,B40
KAMDDTFYL,4,C03
YLDFTNPKV,0,A02
NLLKLIAEV,0,A02
RLMKELEEI,0,A02
MPSTPASTI,3,B51
TLWPEVQKL,0,A02
LPHVPLGVI,3,B51
TLHSIIISL,0,A02
TLAGDVHIV,0,A02
KLIPFLEKL,0,A02
SAMEVVPAL,4,C03
AEAVQAQQL,2,B40
KEINQNVEI,2,B40
VLADLKVQL,0,A02
AVATFLQSV,0,A02
KLTDYQVTL,0,A02
YEILNNPEL,2,B40
GLVEQLYDL,0,A02
KMYDSVLAL,0,A02
SLLENIAKA,0,A02
KMPEINAKV,0,A02
YMMPVNSEV,0,A02
LLFDEYHKL,0,A02
FLTKQEILL,0,A02
RLMNDMTAV,0,A02
AVANFIRQR,1,A31
SLAGQTYAV,0,A02
YLLEKSRVV,0,A02
FASDVQFVL,4,C03
SLSEKTVLL,0,A02
SMPDIDLNL,0,A02
GAAAWARPL,4,C03
YLDEYIARM,0,A02
SLLSHVIVA,0,A02
YIYHGTVKL,4,C03
TLSEIKALL,0,A02
HLAPLWPFL,0,A02
AMTQLLAGV,0,A02
KTCPVQLWV,5,C15
SLWQEIPVV,0,A02
ALLAYTLGV,0,A02
YVTDVLYRV,0,A02
SLFKGICAL,0,A02
TLAETLVNL,0,A02
HLAVVAPRL,0,A02
NLLDLLTEV,0,A02
TLNSAAVTV,0,A02
VEAGGMQAL,2,B40
SYAEYLAHR,1,A31
KLIEKNYFL,0,A02
FLEPVNPRL,0,A02
FELLHKEML,2,B40
TLIHQVLEA,0,A02
ADAPVALVV,5,C15
KVWVKLIGR,1,A31
DAPISPASI,3,B51
GLWGHPVLA,0,A02
GEVREDLRL,2,B40
LAVDKSASL,4,C03
SLDPSVTHL,0,A02
AAAPVVPAV,3,B51
VAEENTRVL,4,C03
GLADITQQL,0,A02
GLAPKPVQV,0,A02
SESLPVRTL,2,B40
KIIDIQEKV,0,A02
RLPDLIIFL,0,A02
ALSALTARL,0,A02
ALYGKTEVV,0,A02
RLLDSVSRL,0,A02
ILLKDILSV,0,A02
YLAPFLRNV,0,A02
RMFGIPVVV,0,A02
AMFGPKGFG,0,A02
KVLDIIATI,0,A02
KEVEEISLL,2,B40
RLYDGLFKV,0,A02
NLLEEVFHL,0,A02
KLGEIVTTI,0,A02
ILVSWLPRL,0,A02
ALTDIVSQV,0,A02
SLFDARVHL,0,A02
FLETNVPLL,0,A02
TTKPAIIFR,1,A31
KSLESFVEL,5,C15
HEVGIGSVL,2,B40
ALAEALKEV,0,A02
LPVPAFNVI,3,B51
ALLSGLREA,0,A02
ALLDWVTSV,0,A02
WVDETLSSV,0,A02
ILGIQPPSV,0,A02
KVLSKEFHL,0,A02
KLFNEFIQL,0,A02
VQYEGNINV,0,A02
ALDAGNIKL,0,A02
RLLQSNPVL,0,A02
RLIKSFEKV,0,A02
GLLGVTQQL,0,A02
FLGEKIASV,0,A02
LELSYCIEI,2,B40
RLTSLVPFV,0,A02
KLMGVETVV,0,A02
FLSELTQQL,0,A02
GLMEDLLKL,0,A02
IAIIPSKKL,4,C03
SLYKGLLSV,0,A02
ALLPSSPTL,0,A02
IIIPEIQKV,0,A02
GLDPAVIKV,0,A02
KLDEHIAYL,0,A02
VPPEILNNV,3,B51
NESVVKEML,2,B40
RLDDAIHVL,0,A02
VVIIVRAPR,1,A31
TLQEQIEAI,0,A02
TEIEDSHTL,2,B40
GLGPPGRSV,0,A02
YVFPKPFNR,1,A31
GLNEELAYL,0,A02
VSWQPPRAR,1,A31
TVTTVILEV,5,C15
QLQGYLRSV,0,A02
KLGLKPLEV,0,A02
TLFPSKIGV,0,A02
YLEPKLTQV,0,A02
GLSNHIAAL,0,A02
KVFGNEIKL,0,A02
FLIGPCFFL,0,A02
ALLSAVTRL,0,A02
REEGTPLTL,2,B40
KLSSLIILM,0,A02
GLLPSPLAV,0,A02
KLLEVYEQL,0,A02
IAFPKAEEL,4,C03
SLNLRTFLR,1,A31
GIPPAPRGV,0,A02
YLWNTVSKL,0,A02
YLITSVELL,0,A02
HLGDFLVFL,0,A02
DAYQVLSTL,3,B51
KSVDPTLAL,4,C03
NIANHFFTV,0,A02
ILDKKVEKV,0,A02
SLFSGRLVR,1,A31
RLLELLQEA,0,A02
TILEKCFKV,0,A02
TLDDLIAAV,0,A02
FLNGEVIRL,0,A02
YIQPQPLGV,0,A02
FLYDDNQRV,0,A02
STYGGGLSV,5,C15
AQYKFVYQV,0,A02
AVWAGPAQA,0,A02
AEIDSIHQL,2,B40
SLSDTVEKL,0,A02
GVMESVIAL,0,A02
REFLSEPDL,2,B40
FADQEVRSL,4,C03
HLAPENFYI,0,A02
ALWEKNTHL,0,A02
IPDGGVHIV,3,B51
VQIEEVRQV,0,A02
TMADQIVTV,0,A02
SEAKGLVTL,2,B40
GLYQDPVTL,0,A02
KATPQVPVL,4,C03
RETDDTLVL,2,B40
KLLLRLPSL,0,A02
AIIDKYIKL,4,C03
GLWDKFSEL,0,A02
RFSAFRILR,1,A31
SLIPTSPQV,0,A02
VLWPESISV,0,A02
VPPQPGTVV,3,B51
TLVDEVFRI,0,A02
EEVGLFNEL,2,B40
TLWNQELYI,0,A02
TEFPTVLDI,2,B40
KLWNKIWCI,0,A02
ALQPEPIKV,0,A02
ILYPKTLFL,0,A02
KEIKEVIEL,2,B40
YLAPHVRTL,4,C03
NLIEVNEEV,0,A02
KEVAQAVLL,2,B40
TLLKKVWKV,0,A02
SMVDVVMLL,0,A02
EAPEEVEVL,3,B51
VLLDAPIQL,0,A02
IEMNEPVQL,2,B40
DANVQIASI,3,B51
IVAPGTFEV,0,A02
FSITPLSEL,4,C03
RLAPEIVSA,0,A02
GLYSGVTTV,0,A02
KENNIMITL,2,B40
AEIEKQLAL,2,B40
YTPPPPPTA,0,A02
STLHLVLRL,5,C15
ALIEDEHNL,0,A02
MPLSTIREV,3,B51
LAMRPLASL,4,C03
RLLEATSYL,0,A02
NLFDRVVTL,0,A02
KLAVTLTLV,0,A02
KVNYVVQEA,0,A02
ALLPQNHKL,0,A02
FLDEKTHEL,4,C03
FLPPSFPIV,0,A02
GLFDQHFRL,0,A02
ILWEHLEIL,0,A02
YVINDLTAV,0,A02
VLSNVEVTL,0,A02
ALAEYACKL,0,A02
TLVTWLQCV,0,A02
LLAPVVKEI,0,A02
ILAPVVKEI,0,A02
FVHDLVLYL,4,C03
TEIMSNVQL,2,B40
SLAEVLQQL,0,A02
TLIGLSIKV,0,A02
KMDIDVPDV,0,A02
GLIDKVNEL,0,A02
IEEERPIRL,2,B40
VLHDRIVSV,0,A02
TVNEIVLKV,5,C15
ALLAELEKI,0,A02
ALLGILQHV,0,A02
SIIQRLLEV,5,C15
IILGKSHYV,0,A02
KEGGVQLLL,2,B40
DAAAKALRI,3,B51
GLLTEIRAV,0,A02
SLLDDLHSA,0,A02
SIAECLTYL,0,A02
GLKQVIIPR,1,A31
GVVRWEYFR,1,A31
ILSSACYTV,0,A02
ALFNTRIPR,1,A31
RTLLVADPR,1,A31
KLLDIRSYL,0,A02
LLIENVASL,0,A02
TMLELLNQL,0,A02
RLFDEPQLA,0,A02
RVSDINFTL,0,A02
TLCDVTLRV,0,A02
ALLDVTPKA,0,A02
GLMDTVKKV,0,A02
KMDPIISRV,0,A02
KIQEILTQV,0,A02
FLDGNELTL,0,A02
SEYRFPEEL,2,B40
SLQDLIEKV,0,A02
RLWQRPWLR,1,A31
ALASVIMGL,0,A02
FLLAEDTKV,0,A02
KLTAFVNTL,0,A02
KLQELENRL,0,A02
FLFSSDHLI,0,A02
SLIKHKIML,0,A02
ALLDIIRSL,0,A02
VPRQNVPVI,3,B51
FLHEATVRL,0,A02
IPLPTPPII,3,B51
KEYVQPVQL,2,B40
AELRELEQL,2,B40
FLLGEHLLL,0,A02
KEAPPPVLL,2,B40
GAVPIFIEL,4,C03
ILHENFTTV,0,A02
SEIPDEVKL,2,B40
LIISPTREL,4,C03
LILSPTREL,4,C03
FASEVSNVL,4,C03
IEFKETQAL,2,B40
TVLGKIWKL,0,A02
VEERNTISL,2,B40
KLAEGVLDV,0,A02
ILDDIGHGV,0,A02
SLFGKKYIL,0,A02
RLNTIPLFV,0,A02
MLLDVMHTV,0,A02
DIRGKLLQV,5,C15
VLYDQPRHV,0,A02
KLQEKVELL,0,A02
KVLDKVFRA,0,A02
EEEKFPTQL,2,B40
RLWEKLTLL,0,A02
DGLRDLPSI,3,B51
RYITTVIQR,1,A31
VLVESEHQV,0,A02
GVFDGLHTV,0,A02
GVLDKLRSV,0,A02
FQNPFRSEL,4,C03
RIMEKIRNV,0,A02
GIWGFIKGV,0,A02
IQVTKVTQV,0,A02
KLFAGINSV,0,A02
LLAETHYQL,0,A02
RLGGIPVGV,0,A02
LLQEKRFLR,1,A31
SLLPSVPAL,0,A02
KLLAAILHL,0,A02
KILAAILHL,0,A02
GELSLPVHL,2,B40
VLQDIQVML,0,A02
AVIGDVIRV,0,A02
AIHHFIEGV,0,A02
FLLPTLRKV,0,A02
AVQPVLVSR,1,A31
SIHETIPLV,0,A02
GENRGPILL,2,B40
KVVEIVKKL,5,C15
YEEMYPPEI,2,B40
YETELNLRM,2,B40
ALAEGQLRL,0,A02
TLADYLHLL,0,A02
AEDPVFTIL,2,B40
HEDLLNITL,2,B40
VLMENIVYL,0,A02
AVIGYLSTR,1,A31
QLLQSNPVL,0,A02
SLYGGTITI,0,A02
NEIVTIERL,2,B40
LLREKVEFL,0,A02
ALAPGVRAV,0,A02
GLAEDSPKM,0,A02
SPPPPPPPP,3,B51
KLMDKVVRL,0,A02
LPDGRIIKV,3,B51
GEEILITVL,2,B40
FILPKEIAV,0,A02
TLNNLEIFL,0,A02
IINTHTLLL,5,C15
SLNECFVKV,0,A02
LVDDNYFYL,4,C03
AEAPAGPAL,2,B40
AYVPFGAGR,1,A31
VEWNKKEEL,2,B40
DAYGNCVTV,3,B51
SLLPVMQHL,0,A02
WLDSVVTQV,0,A02
ALLPIFFGA,0,A02
NVPDVYTQI,3,B51
RLDDNIRTV,0,A02
SVLGAITSV,0,A02
REVLQPIGL,2,B40
RLMEPIYLV,0,A02
HLINYIIFL,0,A02
ALSSSSIRV,0,A02
GEHGLIIRV,2,B40
GLAEQAPCI,0,A02
REFQNPPQL,2,B40
SLFGDVKKL,0,A02
IPVSQISTI,3,B51
HEADVDVLM,2,B40
FPANVMDVI,3,B51
VLQYVVPEV,0,A02
KMMDVTVTI,0,A02
TLGNVLVTV,0,A02
KIMDYSLLL,5,C15
ALLHEIQEI,0,A02
RVLDWVPKL,5,C15
LPWISILTV,3,B51
VPYLVGQVV,3,B51
TLSDIMVSL,0,A02
KLLDLMPRL,0,A02
AVQLRWGPR,1,A31
LLSEKLPRL,0,A02
ALSEQILMV,0,A02
GLYEGLTWL,0,A02
LLIDELNKL,0,A02
SLLDSCTKL,0,A02
YLTAEILEL,0,A02
KSIARVLTV,5,C15
TLSDVVVGL,0,A02
MALGHVIVL,4,C03
SLIRNLEQL,0,A02
LLASEVPQL,0,A02
NMIDKDVEL,0,A02
RLADALQEL,0,A02
REAVPEPVL,2,B40
FLKQILDGV,0,A02
TLSDIVVTL,0,A02
FIAPTGHSL,4,C03
ASFDRAIEM,5,C15
FVDGLTFKV,0,A02
ALLAGSEYL,0,A02
SLCGTWIHL,0,A02
LEEINGTIL,2,B40
NQMPTQPQV,0,A02
LLNDHIYVV,0,A02
RVVVPVLVR,1,A31
SLADSLQSL,0,A02
TLMEALHYM,0,A02
GMYETPLFL,0,A02
GLSEPIFQL,0,A02
IPPLATHTI,3,B51
YLHNQGIGV,0,A02
AVVEFLTSV,0,A02
KIGSIIFQV,0,A02
IMHDCVVKL,0,A02
YPREEINRV,3,B51
GEIERLINL,2,B40
LSEALVSQV,5,C15
NEISIYDKL,2,B40
KLLGELHTL,0,A02
RVMKALVNR,1,A31
REMIPFAVV,2,B40
GLIGQLDEV,0,A02
GEKIIQEFL,2,B40
VYHYFQWRR,1,A31
GILPMVPEV,0,A02
FLFDTQHFI,0,A02
YLASLIRSV,0,A02
TEIEGTQKL,2,B40
YLNDLIHSV,0,A02
ILNPYNLFL,0,A02
MVDGTLLLL,0,A02
AVFPHLTVV,0,A02
QIDPTIQRV,0,A02
GLLAKIFEL,0,A02
GLKEELAYL,0,A02
KQLGDFWTR,1,A31
VLIGSNHSL,0,A02
LLAAWTARA,0,A02
VLFENTDSV,0,A02
TLVDFDNHL,0,A02
ILIDWLVQV,0,A02
FLSHNFLTV,0,A02
VLLGPEFKL,0,A02
VLKEIVERV,0,A02
RECENQLVL,2,B40
ALLELLERL,0,A02
ALMPQLVQL,0,A02
GLSEAQVML,0,A02
GLAERISVL,0,A02
KLGDFGLLV,0,A02
VIYPARISL,4,C03
ALISNSHQL,0,A02
MLDQTLLEL,0,A02
KLLEPVLLL,0,A02
ALTSTLISV,0,A02
GLKELSEYV,0,A02
ALIHAILRA,0,A02
AQWHEQILV,0,A02
LLDEAIQAV,0,A02
SLLQTTLFL,0,A02
DAFPDQVAI,3,B51
FLCPFHLSV,0,A02
ILQDEQYLM,0,A02
RITNQVIYL,0,A02
RIMEFTTTL,0,A02
HLDATKLLL,0,A02
KTIETSPSL,4,C03
LLWGHPRVA,0,A02
DANPFLQSV,3,B51
RLAEAQTYL,0,A02
LTTEVHPEL,4,C03
ALDPASISV,0,A02
GLTDNIHLV,0,A02
DGYAFQNLI,3,B51
VILPTVHEV,0,A02
FLDGNEMTL,0,A02
FASFPHMVL,4,C03
SLIFKLEEL,0,A02
KLSDVWKEL,0,A02
ILDEHVQRV,0,A02
YLLSYIQSI,0,A02
RLAEPSQLL,0,A02
GMPDFLEKL,0,A02
RIFAGFRTR,1,A31
LIDEQILCV,0,A02
IIVGNPKAL,4,C03
FVDGSAIQV,0,A02
SQWDSPMRV,0,A02
KLCGYVIFR,1,A31
VALDKVIEI,5,C15
LADHTVHVL,4,C03
RLPEAIEEV,0,A02
LLPDLIQKV,0,A02
VLFEVAWEV,0,A02
IVKGLYTLR,1,A31
DEAVLFVQV,2,B40
YLSSLQPRL,0,A02
KLLASLVKR,1,A31
YAKDDPLEF,4,C03
ALYSKGILL,0,A02
GTNFRVLLV,5,C15
SLVELLNQI,0,A02
AEALATHIL,2,B40
KLSGKLYLV,0,A02
SVLDGLLYV,0,A02
SGLSIFIYR,1,A31
LPSHGVPLI,3,B51
KEQITISQL,2,B40
QSRTITVTR,1,A31
GLLSRLGAA,0,A02
VVLNATWLV,0,A02
STNIHELRV,5,C15
GLLDLPFRV,0,A02
SMLNNIINL,0,A02
ALFNGLTLL,0,A02
VVAAVMWRR,1,A31
LLLDMQNRL,0,A02
HINDSAPEV,0,A02
LLQEVEHQL,0,A02
ALLQDLHKA,0,A02
SLIDIVTEI,0,A02
QMISRIEYV,0,A02
GLLNDIQKL,0,A02
FEMGPVFTL,2,B40
ALQESLVQI,0,A02
ALLPQASNV,0,A02
LPVDHISLI,3,B51
TTNGGILTV,5,C15
NLMASQPQL,0,A02
MPMNVADLI,3,B51
SETINTELL,2,B40
RSNPLAVLR,1,A31
ILWETVPSM,0,A02
AGISFIINR,1,A31
SSLGINPHV,0,A02
LLIPGLATA,0,A02
FLTDREVRL,0,A02
RESGCSFVL,2,B40
DAYDGKDYI,3,B51
GLLGYLHFV,0,A02
VVKPDQLIK,1,A31
KVFLFIRNR,1,A31
LPLAHVLEL,3,B51
ILLPIVQKA,0,A02
REVATNSEL,2,B40
VLDNLLAFV,0,A02
VETVYTHVL,2,B40
YLLPYENLL,0,A02
VLLSTIHEL,0,A02
SEISSATKL,2,B40
ILDAGGHNV,0,A02
FLHDNMVEI,0,A02
ILNSLEIVL,0,A02
ILRAILEVL,0,A02
KTLERSYLL,5,C15
GVGPVNISV,0,A02
ISPDVFTHV,3,B51
VEGDPIVAL,2,B40
YLYDRLLRI,0,A02
KLNEMSYEL,0,A02
LLSEILHLL,0,A02
KVLGALLFV,5,C15
KLLGSMEQV,0,A02
GAIGPCVSL,4,C03
LSRVLHTNV,5,C15
KSSPSILAV,5,C15
TLMEEVLLL,0,A02
RLLNFDTEL,0,A02
ALWKQLLEL,0,A02
VLLPLRVTL,0,A02
AMAPGTVTV,0,A02
FVIDLQTRL,4,C03
VAVGVIKAV,4,C03
SILNTINEV,0,A02
GLLPDVPSL,0,A02
RLAEQIATL,0,A02
AELPIIVVL,2,B40
KLISSYYNV,0,A02
KLMPGRIQL,0,A02
GLAPQIHDL,0,A02
KEFNEDGAL,2,B40
HSLAPMYYR,1,A31
AVCGYLVEL,0,A02
RLLDRKVLL,0,A02
KLFQGQLVL,0,A02
KMAECYTML,0,A02
KLQEVLDYL,0,A02
REEPSNPFL,2,B40
YLAQVYQHL,0,A02
ADVLSQYQL,2,B40
GLVSRLLEA,0,A02
VEILIPDVL,2,B40
IIFETPLRV,0,A02
SIFAQIISV,0,A02
LPWPFQGTI,3,B51
ALSELATAV,0,A02
HLLDIYIQL,0,A02
LLVDVEPKV,0,A02
ALLQSDVRL,0,A02
SLAANTFTI,0,A02
SLLDCTFRL,0,A02
GLAYINHLV,0,A02
GLFPAPIHV,0,A02
VLFNKLTYL,0,A02
KLQQLFIEL,0,A02
KLQQIFIEL,0,A02
LPPNLYPTV,3,B51
ALLDNNIGL,0,A02
GEDLPTIVI,2,B40
ILWSEAIFL,0,A02
YLAEPQWAV,0,A02
KLLGGLAVR,1,A31
SLLQTNIAL,0,A02
VPFSHVNIV,3,B51
GQVGGEINV,2,B40
NLLQVLEKV,0,A02
AEPKGTITL,2,B40
FLDDVNLIL,0,A02
AIIRELGGI,0,A02
GLLDPQCRL,0,A02
ALVSNLYVI,0,A02
RELNEALEL,2,B40
TPMNPANTI,3,B51
LLAEKIYKI,0,A02
VPVGRQPII,3,B51
KVFDSLLNL,5,C15
RSFNGLLTM,5,C15
PYVGMVTII,0,A02
ILVDWLVQV,0,A02
AQIEVVPSA,0,A02
KLPSETIFV,0,A02
RLLNILMQL,0,A02
ASYLPSFLR,1,A31
YIQEARNCL,4,C03
GAVDPLLAL,4,C03
ALAVNISAA,0,A02
KTKLPVTLR,1,A31
GLLENIRQL,0,A02
ILQNKIDLV,0,A02
GLFPWTPKL,0,A02
KQEELEAAL,2,B40
RLSDVQIYV,0,A02
HLYGGIILL,0,A02
KVGPVPVLV,0,A02
SEEDRVVVI,2,B40
GMFNGIISI,0,A02
KETDLLILF,2,B40
FEFAGYDVL,2,B40
GEIIPRSIL,2,B40
YILDLQVVL,4,C03
KVLKEIVER,1,A31
GMYIFLHTV,0,A02
FSSPHLVQV,5,C15
REDYIEPAL,2,B40
RVIDYILDL,5,C15
QSLHKFVSR,1,A31
AVFAGFEGR,1,A31
DPPPPMETI,3,B51
SIARTINEV,0,A02
VEFQEGVEL,2,B40
GLDWLSHEL,0,A02
AESISLLEL,2,B40
YQFGEIRTI,0,A02
GEHCDFTIL,2,B40
VLLDSVEKL,0,A02
LSLDALLTV,5,C15
ALQTIQLFL,0,A02
RYFYTAVSR,1,A31
QLYEFDIKV,0,A02
RLFDWLVSV,0,A02
YEMEVSQRL,2,B40
TVLERVEGA,0,A02
ALLDGKATL,0,A02
SIQKDILTI,0,A02
HPDSHQLFI,3,B51
NEFIDASRL,2,B40
SLITDLQTI,0,A02
LLLDILEKL,0,A02
REVVDPEVF,2,B40
FLDMTNWNL,0,A02
SLIDKRIKL,0,A02
WEDDVNHSF,2,B40
IQRTPKIQV,2,B40
MMLDDLLQL,0,A02
SVDGVIKEV,0,A02
YIMSYISRV,0,A02
YLTAEVLEL,0,A02
VIAPKITSV,0,A02
KIRIFDLGR,1,A31
KEFIINDIL,2,B40
GLYPKVAKI,0,A02
REDITEPAI,2,B40
LLFEGIARI,0,A02
REGESVTVL,2,B40
GLLFYRWRR,1,A31
NIMDIKIGL,0,A02
NLMDIKIGL,0,A02
RLIEESVTV,0,A02
GLLEIVTSV,0,A02
RVQEQVRAR,1,A31
RGGGPIRNR,1,A31
KEDPTSFRL,2,B40
FAMIPAKEA,4,C03
AENGLTVRL,2,B40
WEDTPLVIL,2,B40
HLFGECLFI,0,A02
RQKSPEIHR,1,A31
RLSEVQASL,0,A02
VMIGSPKKV,0,A02
LPLPSHSSV,3,B51
SMPDFDLNL,0,A02
KEQTVQYIL,2,B40
YAYFNFPEL,4,C03
KEKIDLTSL,2,B40
AVMESIQGV,0,A02
LPPEVKHEI,3,B51
SLPEVLPIL,0,A02
ILQEREYRL,0,A02
SLIRIVPVV,0,A02
KVPPFTFHV,0,A02
SESPGVLQL,2,B40
PPSPPPPPP,3,B51
IFLRASVVT,0,A02
LPYKGGNTL,3,B51
TLLPLRVFL,0,A02
ELSDVLIYL,0,A02
VLSTKSLFL,0,A02
VLHDISSLL,0,A02
AEAEIIQLL,2,B40
TLMAFHVFL,0,A02
GLLDRIMQL,0,A02
AIIGGMFTV,0,A02
SLMDEISFL,0,A02
KSFGDLVSR,1,A31
VLYDPLKRV,0,A02
GLRGQLEAL,0,A02
GLVGSLQEV,0,A02
ILLPYLQTL,0,A02
GLCDSIITI,0,A02
VLVNDFFLV,0,A02
LLFDSVIHL,0,A02
KMAEIKVKL,0,A02
TIIQGTWFL,0,A02
SLQDEIQRV,0,A02
ALCVLAQTV,0,A02
KLLPENNVL,0,A02
LLIGHLERV,0,A02
VLYNESLQL,0,A02
RLLPALAGA,0,A02
SVYSGCLHL,0,A02
NIICGITSV,0,A02
SESKIRVLL,2,B40
EEEPLHTIL,2,B40
RLASELQAL,0,A02
GLISGILRV,0,A02
ATAQPPAPL,4,C03
FQDPNAFAV,0,A02
ALVESLITV,0,A02
SVLKDQLRQ,1,A31
AEPSEKVSL,2,B40
VERDLTPLI,2,B40
VIWGTDVNV,0,A02
LLLDSNIRL,0,A02
DGRLTICTI,3,B51
TLFPRRIFL,0,A02
WEDNSVIFL,2,B40
QEVGEITNL,2,B40
YAFPRVRII,4,C03
FLGKRPWFV,0,A02
NADPNMKLF,4,C03
ILDKIVQKV,0,A02
TVMKDILQA,0,A02
ILNTINEVI,0,A02
LLWGNLPEI,0,A02
NEFSQIFQL,2,B40
LADLRPEEI,4,C03
HEEIDLVSL,2,B40
FAADIISVL,4,C03
LLIDYQFTF,0,A02
REEWKFDTL,2,B40
SLCNSIISL,0,A02
NMLPQIFRV,0,A02
YTEFTPTEK,1,A31
SMPPVYPSV,0,A02
SALDTITTV,3,B51
AETAVQLFI,2,B40
TVLEQVLPI,5,C15
KLPEKWESV,0,A02
GLVPFLVSV,0,A02
LAADCAHEL,4,C03
ALSEELVQL,0,A02
YLGAECRTV,0,A02
VLMDRLPSL,0,A02
WLSALLQLK,1,A31
KLSTVRVFL,0,A02
GLLGNVAEV,0,A02
LPCESQRSI,3,B51
RLLAEIGAV,0,A02
FAKGGNLTL,4,C03
ALAELTKRL,0,A02
RLFEGNALL,0,A02
KLGPEIPLA,0,A02
GVLPFVRGV,0,A02
LPLRLFLII,3,B51
IILDEIHLL,0,A02
LIIDEIHLL,0,A02
FLDSEVSEL,0,A02
KLTNGIWVL,0,A02
FLFNDCLEI,0,A02
RETTEVDLL,2,B40
KMPRLIAKV,0,A02
ALSDLEITL,0,A02
LLFPESIRV,0,A02
ALLETVNRL,0,A02
CLYGNVEKV,0,A02
SLQEGSYLL,0,A02
GLDSGFHSV,0,A02
GLWGHALLL,0,A02
REPVQLETL,2,B40
KEHDILSQL,2,B40
ISIHSVISL,4,C03
VLADSVHLA,0,A02
ILSGVVTKM,0,A02
VAVDRFKSL,4,C03
GLIEIISNA,0,A02
GLLSIFTKV,0,A02
FMSEYLIEL,0,A02
KSFEAPIKL,5,C15
ALAKIEIKL,0,A02
QVFNKLIRR,1,A31
EVARLLLEA,0,A02
KTGLPLIFR,1,A31
KYIGFTWKR,1,A31
RYFDPKMLR,1,A31
KYIEKVSSR,1,A31
RLFSWIVNR,1,A31
DGYAVDRAI,3,B51
SYRKFLNLR,1,A31
FPDPNVKYV,3,B51
AFAGRYAFR,1,A31
AEEKLPMTL,2,B40
DAFVVVHRI,3,B51
MPYQEIKNV,3,B51
KIIGIMEEV,0,A02
GEVDPKVAL,2,B40
FGAFHSPAL,4,C03
YEELVRMVL,2,B40
MTDKAPPGV,0,A02
YEALPELKL,2,B40
SVSPVVHVR,1,A31
MLPPPPLTA,0,A02
GSVDKALEL,5,C15
KLWDGVSNR,1,A31
KTLILDALR,1,A31
KQFLPFLQR,1,A31
KSLHLPMAR,1,A31
REMDEQIRL,2,B40
SELRNMQDL,2,B40
SEDDVKMAL,2,B40
GTYAHTVNR,1,A31
SSRLLDVPR,1,A31
AAAPPSPAW,4,C03
DAVKFFVAV,3,B51
TYLRFIVSR,1,A31
RYALVPRYR,1,A31
AMFSLLVRR,1,A31
KSLPPFIYR,1,A31
SENNRIFTL,2,B40
GVMTVLIKR,1,A31
FADFERHFL,4,C03
FLQEKSPAV,0,A02
KEPVTPSAL,2,B40
SEFYEPEAL,2,B40
RELLSRVFL,2,B40
FEIPVKIRL,2,B40
GEVEKYQQL,2,B40
RLIPTLVSI,0,A02
KLPPPPPQA,0,A02
ADAPIVAHL,2,B40
KLYEEINQV,0,A02
DAYPQRIKF,3,B51
DAIRSLASV,3,B51
SYNYLGFAR,1,A31
KLISGWVSR,1,A31
VPLDKQITI,3,B51
AMFENFVSV,0,A02
TEIGQTLDL,2,B40
TPIERIPYL,3,B51
ISVNPYRSL,4,C03
ALNRITVWR,1,A31
FPYYPSPGV,3,B51
LYRKMEIYR,1,A31
AAMYKSLEL,4,C03
GEIKGFTGI,2,B40
AQYENPPHI,0,A02
AEQKVEYTL,2,B40
SLAALVVHV,0,A02
GEHLKTDLL,2,B40
SLNPKTWGR,1,A31
RLHDVLMEL,0,A02
KVLEILHRV,0,A02
KTLPKIVGR,1,A31
ALDSQVPKV,0,A02
RYYDRIIDR,1,A31
TMVDRIEEV,0,A02
KSKVPAFVR,1,A31
RVFLPNKQR,1,A31
FPCTTAPKI,3,B51
AYINHLVER,1,A31
FESDLHSLL,2,B40
AILIPPHLR,1,A31
KMSELQTYV,0,A02
MPKISMPEI,3,B51
DAYSSFRSV,3,B51
GTNYIETLR,1,A31
TEQFVATVL,2,B40
ASLAAFYGR,1,A31
AQYEEIAQR,1,A31
AAWYSGVNR,1,A31
LPFSHPLFI,3,B51
RTLLPLVSR,1,A31
LINNKIANR,1,A31
MPVIPMNTI,3,B51
GLIDHQTYL,0,A02
RSLDHPNVL,5,C15
ALDSHPTIV,0,A02
ATLQYIVGR,1,A31
VPKALEPYV,3,B51
SLKCPITFR,1,A31
YEEVHVPAL,2,B40
GEDEPLHAL,2,B40
TLFQGIKTV,0,A02
AETMQHIFL,2,B40
YLIEKSRVV,0,A02
ALITRIFGV,0,A02
FAFRYVTTI,3,B51
AQYEHDLEV,5,C15
EAYLSRLGV,3,B51
SLADIAQKL,0,A02
ALNEEIVNR,1,A31
SSSPVFTFR,1,A31
KEEDLQWVL,2,B40
RVFDVPIRR,1,A31
SEIQVLEHL,2,B40
SDAPGVPRI,2,B40
VLYEKDIQL,0,A02
AENIPENPL,2,B40
TAAPPAQPL,4,C03
SEDQHPTIL,2,B40
YPFANKESI,3,B51
TENNDHINL,2,B40
AANPHSFVF,4,C03
AAFRWIWSR,1,A31
VLREAGFLR,1,A31
GEPWFHGKL,2,B40
DAWKELTIV,3,B51
DPPPGSHVI,3,B51
AEFQRDIML,2,B40
KEAALSTAL,2,B40
RVQEYLEVR,1,A31
ALGAFLNHR,1,A31
VSLPSFFER,1,A31
GTNYYIKVR,1,A31
LAQDIFKEL,4,C03
YPPMCHLTV,3,B51
YPPAPFMHI,3,B51
YPKQSFTTV,3,B51
SLANNVTSV,0,A02
KEELIADAL,2,B40
YLDWTIERV,0,A02
GTLGGMLTR,1,A31
VMFNGKVYL,0,A02
HLLDIAMGV,0,A02
LPWTAEQVV,3,B51
STVARIQFR,1,A31
ATAPPHVTV,5,C15
SISDVIAQV,0,A02
TVHLIEFAR,1,A31
FFMPGFAPL,4,C03
FPFPKPALI,3,B51
DPLDKSIVI,3,B51
AEVDKNIEL,2,B40
SLCTLVQRV,0,A02
AAAGPSCAL,4,C03
MADPNIRFL,4,C03
GEEEKKIFL,2,B40
KFKFPGRQK,1,A31
YEVVDKDSI,2,B40
QENIVRILL,2,B40
VEFYRDPQL,2,B40
AEALEKLFL,2,B40
AEEVGVEHL,2,B40
YLCDEQKEL,0,A02
AYKSILQER,1,A31
QEEKPEPVL,2,B40
TEDQRFPQL,2,B40
TLLHFLVEI,0,A02
DADSSERII,3,B51
AMGEKSFSV,0,A02
RIYGKFLGL,5,C15
VYLDALNYR,1,A31
DAVTFITYV,3,B51
YLDPAQRGV,0,A02
TEIDPICAL,2,B40
SLFEHFIEL,0,A02
AEFKEAFSL,2,B40
SYFSFSRNR,1,A31
YPDSHQLFV,3,B51
FTEAGLKEL,4,C03
NEASVLHNL,2,B40
LPRDHPAVI,3,B51
ACKTPIRNR,1,A31
GLIEILKKV,0,A02
LPRPQGITV,3,B51
KAIDYIRFL,4,C03
GEKYIEEAL,2,B40
AEETGVHII,2,B40
TEIDEKEYI,2,B40
LLDEQQVNV,0,A02
VLMNQPPQI,0,A02
KEYIQPVQL,2,B40
IPYLGFKQI,3,B51
TAYPQVVVV,3,B51
RALDHYLTL,4,C03
KEEELQAAL,2,B40
AYKSLFTTH,1,A31
ATLIQKIYR,1,A31
GMAQKTWEL,0,A02
AMLAVLHTV,0,A02
REYQELMNV,2,B40
YAFAHILTV,5,C15
KLIFSVEAV,0,A02
TEIEDMPTL,2,B40
ALDSTNVEL,0,A02
KEFKGDEIL,2,B40
RAQLPKYQR,1,A31
SLFSRVSLR,1,A31
TEDFIIDTL,2,B40
IIEPSLRQL,4,C03
SEFSLVDKL,2,B40
RLWDFIENR,1,A31
ATFQFTVER,1,A31
SAAQPGVAF,4,C03
LPNGKPVSV,3,B51
IAAGIFKHL,4,C03
RVLSQPQLR,1,A31
TEIHNEPFL,2,B40
VPLIIVNSI,3,B51
ATCVRLLGR,1,A31
RLMDIKSRL,0,A02
AEAEKVLAL,2,B40
AQIFRVNLR,1,A31
ALADIVWRA,0,A02
TELEYIHAL,2,B40
RLYTEPLLV,0,A02
TLIEDILGV,0,A02
YLSPDLSKV,0,A02
HASQPSLTV,4,C03
ALDSTNVEA,0,A02
HLVPEVPTV,0,A02
RLMEICESL,0,A02
NPYFDIPKI,3,B51
GEIKEPLEI,2,B40
RIIEPLTSR,1,A31
TEWEKVAQL,2,B40
TAIHNFPTV,3,B51
VSFKPCMTR,1,A31
REVEARYAL,2,B40
FLFDLKDLV,0,A02
HLYDYTVKL,0,A02
YEEDYGSSL,2,B40
SLMMTIINL,0,A02
LPPSALQSV,3,B51
ATHGRFLEI,5,C15
LEADVNIKL,2,B40
TLLHFLAEL,0,A02
AELGNMQGL,2,B40
GEIPVQEHL,2,B40
TPLASFTTV,3,B51
RLNEAAVTV,0,A02
VLNPTPIKR,1,A31
FAHTNVESL,4,C03
GVYTDFAFR,1,A31
FAIPMIHAV,4,C03
MEEIGRISI,2,B40
RIYQYIQSR,1,A31
MQKMLFEER,1,A31
RMVAVLVSR,1,A31
ATNPISRVL,5,C15
FTNDKIINL,5,C15
KLDDYVYYV,0,A02
GEFTGWEKV,2,B40
VLQGAVPTV,0,A02
TEEPDFTAL,2,B40
QVYSEFVRR,1,A31
DPPIARLSV,3,B51
GELIRPTTL,2,B40
AEGPYKIIL,2,B40
SEPGKVIVL,2,B40
RQLWRVIER,1,A31
RLTDFLDCV,0,A02
NETNIPTVL,2,B40
IYNFRIFER,1,A31
GTLDYILQR,1,A31
YVLTIRTPR,1,A31
AEISKYLTL,2,B40
KLLGNIKNV,0,A02
IVNHPKVGR,1,A31
ILDEAIYKV,0,A02
KYFHPPAHL,0,A02
HEIAVNENF,2,B40
AIQDHLLEV,5,C15
MAPPPPRSV,3,B51
RLFGRVLER,1,A31
GEKNVFEAL,2,B40
ALKPDLVNV,0,A02
RELGLPEEL,2,B40
KLNGQVLVF,0,A02
LPPPAAKTV,3,B51
SLAHELWKV,0,A02
KMLGGVFKI,0,A02
AALFPGEEL,4,C03
QLIDKVWQL,0,A02
KACDYIQEL,5,C15
LEDQQNIRL,2,B40
LLAPLAQTV,0,A02
DAFPSIDKI,3,B51
NAYAGVQTI,3,B51
RFVNLISER,1,A31
RLWDLQQLR,1,A31
RIIEKVIHR,1,A31
FEDAAEIRL,2,B40
VSYVPITGR,1,A31
YISEENFRV,0,A02
MPHLSMQQV,3,B51
NGPVDLKKI,3,B51
KETSYEEAL,2,B40
SEEPAGQIL,2,B40
AEIGAVTLV,2,B40
SEESNVLCL,2,B40
GLQEYVEAV,0,A02
TLLCKVLGV,0,A02
KLQVELDNV,0,A02
IPAPPLSKV,3,B51
LEEPNVRVL,2,B40
KLQEEIPVL,0,A02
KIDDTIRYL,0,A02
HENYMKILL,2,B40
ALYTVIETV,0,A02
SELSLPEKL,2,B40
REMEALQSL,2,B40
NEQAIIDVL,2,B40
VEDVSWHLL,2,B40
HLFEDAYLL,0,A02
HILDFSPSL,4,C03
RYNGLIHRK,1,A31
TPFPYNPLI,3,B51
SELEKTFNL,2,B40
TILPKVMQV,0,A02
REHEEYLKL,2,B40
TDIPHDLEL,2,B40
SESAVFHGF,2,B40
REWTEQETL,2,B40
SLWSIISKV,0,A02
LLQDKQFEL,0,A02
KEILSLDKL,2,B40
MVADVFSHR,1,A31
HEVRIQPSL,2,B40
NAYPYCRTI,3,B51
KIMLPPRNR,1,A31
GEQFVEEAL,2,B40
YPYPYPHTL,3,B51
KLQEELNKV,0,A02
KMFFLIDKV,0,A02
SEISQVFEI,2,B40
LPLGGCRVV,3,B51
IVNENLVER,1,A31
VEEQRPPEL,2,B40
GEKTISVVL,2,B40
ATAGFTIGR,1,A31
YLPYPIHQV,0,A02
YILGKFFAL,4,C03
REERVILFL,2,B40
AMLEKNYKL,0,A02
ALAKDMALA,0,A02
SIWSRLQER,1,A31
RTWTVTRFR,1,A31
KELELPFEV,2,B40
FVNPVQVVL,4,C03
SVMELLQGV,0,A02
KEQEGFINL,2,B40
TLAEEVVAL,0,A02
ATYGLNVER,1,A31
KVLQLLRLR,1,A31
AEFKKIFGL,2,B40
AEGIPAHVI,2,B40
LLDDSLVSI,0,A02
LPPPPQQKI,3,B51
TEMQNMIEL,2,B40
KLMEEIREL,0,A02
NIVEKLREV,0,A02
IEESGEHII,2,B40
LPFCQPSKI,3,B51
LEPELEARL,2,B40
HEIKSLEDL,2,B40
TLWYRSPEV,0,A02
ALQSLYTNR,1,A31
LLADHTVHV,0,A02
KLNIRPLLR,1,A31
DAAPAPASI,3,B51
KLWEISTGR,1,A31
KLRDFITLR,1,A31
GLAHFVNEI,0,A02
YAMDELRSL,4,C03
VPLPRLLEV,3,B51
SEGKCFSVL,2,B40
KYRELNFLR,1,A31
GQIEVVPEV,0,A02
FPEEEWRHV,3,B51
SEFLKEEKL,2,B40
GLSQVAVTV,0,A02
ALESFLKQV,0,A02
GLWEEAYRV,0,A02
TLIEELKTL,0,A02
KLMDQLEAL,0,A02
AATEIVERV,5,C15
GTIKDIVTR,1,A31
RNHYRRYPR,1,A31
TESPFKVHL,2,B40
KETDFYHTL,2,B40
DAYKDQISV,3,B51
AEPRLPLQL,2,B40
RLFDQAFGL,0,A02
KEGDLITLL,2,B40
YPNLQLREI,3,B51
SLDDLLTNV,0,A02
KEVLEYNAI,2,B40
SLLDQIPEM,0,A02
GECNPDLRL,2,B40
REIQTAVRL,2,B40
FPNVEIVTI,3,B51
IAPKITSVI,3,B51
AELLQKIEV,2,B40
HLLSAISSV,0,A02
VPLGVISRI,3,B51
VEFPHSPEI,2,B40
KEMSSIISL,2,B40
LYFRPTIQR,1,A31
RLHDENILL,0,A02
YYNGCIFHR,1,A31
DALKVTFLI,3,B51
AMIDQVLEL,0,A02
RLADVFNQR,1,A31
VEHPEVARL,2,B40
SLTSKIPAL,0,A02
ELDRTPPEV,0,A02
KYFDKASYR,1,A31
YELNITNRL,2,B40
TEHPVPIIL,2,B40
RLASYLEKV,0,A02
KLLKLFQGV,0,A02
NIIPRFVQV,5,C15
GEVPFNHEI,2,B40
HPYEVAEVI,3,B51
FLQDLEQRL,0,A02
GEQDLIEDL,2,B40
ALLTAVTNV,0,A02
AVEDLRWFR,1,A31
SSKPIMEKR,1,A31
RAVESITSL,4,C03
YLSDNVHLV,0,A02
FSSANSPFL,4,C03
YLVYILNEL,0,A02
SGTPHALIV,5,C15
SEFSDVDKL,2,B40
DAPIAKVGV,3,B51
FSVKAGEAL,4,C03
REDQLDTVL,2,B40
DACLTTINI,3,B51
DAYDNFDNI,3,B51
EESQIRIEL,2,B40
KVEDRAIFV,5,C15
LPAGINSIV,3,B51
RTFEKIEEV,5,C15
RYGDVFQIR,1,A31
FIDKNNDLL,0,A02
FLDKNNDLL,0,A02
NAFDGPITI,3,B51
ALYYNPHLL,0,A02
MPYGWLTEI,3,B51
GLTTILKNV,0,A02
AEAGPDFEL,2,B40
LQFPVGRIH,1,A31
SELIRNVTL,2,B40
GVLENIFGV,0,A02
DALNRPLNI,3,B51
ALLGRLAEL,0,A02
SEFERLECL,2,B40
LEQLTDLVL,2,B40
KEIEELTKI,2,B40
VTTDIQVKV,5,C15
ALAELLHGA,0,A02
GLTEGIWQL,0,A02
YPYPVSNSV,3,B51
FEITQPPLL,2,B40
KVLRPFLLR,1,A31
LLWEAVSQL,0,A02
AEFVNLEFL,2,B40
AAIAAVNAL,4,C03
RALDAGLAL,4,C03
LLNEILEQV,0,A02
SLLPTSPRL,0,A02
RLLPDLDEV,0,A02
GELSIQPSL,2,B40
LPLEIVERI,3,B51
GEIIGIQKL,2,B40
VLAQQIATL,0,A02
REPVGTCFL,2,B40
FLDGHDLQL,0,A02
FIAPSGHGL,4,C03
LATDFIQSL,4,C03
ADIAQKLQL,2,B40
LEIQDKEYL,2,B40
GLDELFVQV,0,A02
VPLPTAPNI,3,B51
TEFLQVIEI,2,B40
KLLACIASR,1,A31
KEWEKVFEM,2,B40
FIIDSSRSV,4,C03
DAIAEIRAI,3,B51
FPKYCEPVV,3,B51
MPQIETRVI,3,B51
AEQASILSL,2,B40
KMVSIQITL,0,A02
EETGVRVEL,2,B40
SVVSRIMGR,1,A31
KEDGTFYEF,2,B40
KEEQEVAML,2,B40
SLYDQAEKL,0,A02
ALQDFLLSV,0,A02
SLLPYLPML,0,A02
NESSVLHTL,2,B40
VPIFPQPLI,3,B51
ALQALVVTL,0,A02
TGIQPGTSL,4,C03
GLIENPALL,0,A02
YLFFDLPHV,0,A02
STKFPAYER,1,A31
RLLGYVATL,0,A02
FTVPDTREL,4,C03
SELPRFQEL,2,B40
LEEPGNFVL,2,B40
DAYRALQKL,3,B51
NAVEVSVPL,4,C03
ALSELIILT,0,A02
NEANISTLL,2,B40
KLHDSVVMV,0,A02
FLPRKFPSL,0,A02
RAGPGTLSV,5,C15
RLLDYVATV,0,A02
KEMEQLLEM,2,B40
DAYAVKEAI,3,B51
LAIGPCKSL,4,C03
GLSDLRLEL,0,A02
AEHSTVITF,2,B40
KTNDQMVVV,5,C15
DALNIREAI,3,B51
ALLEQVNAL,0,A02
KLNEVIVTR,1,A31
RSMEVSTQL,5,C15
MLQDFQIQA,0,A02
KEPDALTLL,2,B40
GLFGHCIVL,0,A02
YILLPRIIE,1,A31
DAALQMITV,3,B51
GLDPTQFRV,0,A02
AEENLLMVL,2,B40
GELFSREDL,2,B40
VLLDGIHRV,0,A02
IIEKVKPEI,0,A02
VALLVGEKV,3,B51
GLLEELVTV,0,A02
REVLPSTRL,2,B40
ITRARFEEL,5,C15
GVLRPGTAL,4,C03
RTISVILFL,5,C15
AAWAFMRYR,1,A31
HEGTDVIML,2,B40
SETKLQEEL,2,B40
SILDQVWNI,0,A02
RVSELHLEV,5,C15
YPYHYAPFL,3,B51
FADGHVLEL,4,C03
AEPEEVEVL,2,B40
LGGEFKLYL,5,C15
AMNDILAQV,0,A02
GLGQLGFHV,0,A02
TEFLDISQL,2,B40
AMIEEVFEA,0,A02
DAVISTETV,3,B51
KEIQELEQL,2,B40
ALGDQILFV,0,A02
SLLDEVLNV,0,A02
KLADDLSTL,0,A02
KAIEVLLTL,5,C15
DPAASLPII,3,B51
RAIPNNQVL,4,C03
AEHYWDLAL,2,B40
RNIGRILGL,5,C15
KEDIYAVEI,2,B40
VVAEELENV,0,A02
NEIPVEVVL,2,B40
RLGCFNLTV,0,A02
KLNIPGCYR,1,A31
KEDQVIQLM,2,B40
RLFDDVPQV,0,A02
SLIERDLKL,0,A02
GLAALAVHL,0,A02
FPNPEATFV,3,B51
FAVNMFRTL,4,C03
PLTPLPPLL,0,A02
SLPEELNRV,0,A02
GAIPAFISL,4,C03
TENSIVENL,2,B40
IPPDQQRLI,3,B51
YEEQAFQDL,2,B40
AIISELVSI,0,A02
YPPPEVRNI,3,B51
ALYGKLLKL,0,A02
KEMPAVLVF,2,B40
TEVLESFKL,2,B40
QFPVGRIHR,1,A31
SLVENIERL,0,A02
KMSEKILLL,0,A02
FLLPLRIAL,0,A02
KEAEILEVL,2,B40
GTSQLYVYR,1,A31
LLSDVFAQL,0,A02
GEVTDFLSF,2,B40
KLTENLVAL,0,A02
HPYRLILTV,3,B51
GLCPRPVLV,0,A02
MAREVINRI,3,B51
GELSSLPSL,2,B40
SFLLSPLEL,0,A02
MLIEVIEKL,0,A02
SEASLHPVL,2,B40
RILRRLLRR,1,A31
RLANLAATI,0,A02
FLPSYIIDV,0,A02
REAQVWEML,2,B40
YEFEGGVKL,2,B40
SLGEQVQTL,0,A02
RNLPAFVNR,1,A31
RLFRWLVLR,1,A31
VPVGKVLKV,3,B51
EPLGVVLVI,3,B51
KVLNELYSV,0,A02
LIQDRVAEV,0,A02
YVIDPIKGL,4,C03
RETVNVITL,2,B40
ATVPGLLKV,5,C15
LQNPDLALR,1,A31
RLLDGAFKL,0,A02
QSYGNVVEL,5,C15
REVVETPLL,2,B40
QLRELENEV,0,A02
SLEQRLNEV,0,A02
TVLQELINV,0,A02
KMWEEAIAL,0,A02
VEVGVATAL,2,B40
EIDVIVASL,0,A02
QTQSIYIPR,1,A31
KELSMVTEL,2,B40
FSISPLSVL,4,C03
KVCDIVSSL,0,A02
TLCEALLMV,0,A02
ASIPGILAL,5,C15
FLHDGLIRV,0,A02
KIWVPVDHR,1,A31
YLYDLNHTL,0,A02
LEAAGIGKL,2,B40
SENAERILI,2,B40
IILGGVKAV,0,A02
EENGIFELL,2,B40
KEPLLPVYL,2,B40
VENNDIIIL,2,B40
DPFTLYTLT,3,B51
RTFSLFQQL,5,C15
ILLEKILSL,0,A02
ALYSGLMRL,0,A02
IPRSITVLV,3,B51
NALGVILQV,5,C15
AEYDRPNLL,2,B40
TLLESIQHV,0,A02
REDQVILRL,2,B40
VLLTGLHAV,0,A02
SLSQELVGV,0,A02
YLADVTNAL,0,A02
LSVGLLSAV,5,C15
YSLAPNTPI,4,C03
AQAEVYKEL,2,B40
ILNSTTIEI,0,A02
FLYSDEVQI,0,A02
YAIGNAPEL,4,C03
QLIKELPEL,0,A02
ALSQDIPEI,0,A02
KMMENLTTL,0,A02
KNADKVLEL,5,C15
SQVEILQRV,0,A02
ALCNIHENI,0,A02
GLEEYLEKV,0,A02
KILEKEIRV,0,A02
HEDWSIIIF,2,B40
KQLDIELKV,5,C15
VVQPQPLVV,5,C15
FPAAPLLTV,3,B51
SLWQDIPDV,0,A02
KIMESLPQI,0,A02
FAARDMREL,4,C03
KLLSKTPEL,0,A02
ALASEPLKV,0,A02
SEYRWHINF,2,B40
QEVTVNQSL,2,B40
RTFDEFQEL,5,C15
ASRLLLLPR,1,A31
KEVLEIVEL,2,B40
SEDNPQTLL,2,B40
TMLELINQL,0,A02
GLIDEIYGI,0,A02
RLWEVATAR,1,A31
LLPDNVHYV,0,A02
IIDVVRSGY,1,A31
AEVVTEIQL,2,B40
KELPTDMEL,2,B40
YLSPDLSKI,0,A02
QIKALQFLR,1,A31
FSNGHIKVL,5,C15
VIYQASQAL,4,C03
SLISTILEV,0,A02
REEVGNISI,2,B40
ILTESEIKL,0,A02
AEFIKRTIL,2,B40
GLLGTLVQL,0,A02
LSGSELQSL,0,A02
SELHTSGIL,2,B40
GLDNQIQEI,0,A02
LPYHRIFIM,3,B51
KLGDLFFRV,0,A02
ADESETAVK,1,A31
RLYGYFHDA,0,A02
KLGDLMVLL,0,A02
LIVEPSREL,4,C03
AVTGILVQL,0,A02
AIKSVKIYR,1,A31
RLKEKFFMR,1,A31
TLVYHVVGV,0,A02
RFFPYNYHR,1,A31
SFFRREIKR,1,A31
SQNIYIQNR,1,A31
MQAENIYNR,1,A31
KVEHIEWFR,1,A31
TETEPPVAL,2,B40
RQMEMKILR,1,A31
SVINVFVGR,1,A31
NLFNKYPAL,0,A02
ASYEFVQRL,5,C15
GEDPYPHKF,2,B40
RLYKPILWR,1,A31
YAELSSRIL,4,C03
SVFKKFNWR,1,A31
VYIERLRHR,1,A31
AESPVFKEL,2,B40
RLLEVPVML,0,A02
GEQAIRQIL,2,B40
RVIWGKVTR,1,A31
AEIAQLMSL,2,B40
ALFPFVTYR,1,A31
AEAKPELSL,2,B40
AEDTPVVQL,2,B40
TSTVPLVGR,1,A31
SEIEDVNTL,2,B40
AQFVREITR,1,A31
YSNKEIFLR,1,A31
SALGYLHSI,5,C15
SLLSQQPFL,0,A02
SYQEVTVQR,1,A31
TMIDFPQMV,0,A02
GEALPFSHL,2,B40
KLNIPAILR,1,A31
KLLEKLYKV,0,A02
SLAPSITNV,0,A02
PAPPPPPPP,3,B51
FSSPVFTSR,1,A31
AAVDAGMAM,4,C03
AVANIVNSV,0,A02
EGPEGLKLI,3,B51
SAFQHFWNR,1,A31
HPYPPGPGV,3,B51
YLDPRITVA,0,A02
AEELLRIGL,2,B40
ALPEDLVEV,0,A02
ALLGYLQEV,0,A02
KEVQDGIEL,2,B40
GAIARPACL,4,C03
RTYYSPVYR,1,A31
AEEALKYLL,2,B40
SVQAVIPSR,1,A31
VEAPPSVVL,2,B40
KEAFAKVDL,2,B40
YEEGINIHL,2,B40
HSVIPPAAR,1,A31
GLFQNPKQI,0,A02
RLYPTPRVR,1,A31
WESSIVDRL,2,B40
GMFGKETYV,0,A02
RTIELPSGR,1,A31
KEIGDIAGV,2,B40
AASPAGLDL,4,C03
KEIGADLVL,2,B40
RLQEEINEV,0,A02
VFKEEGVLR,1,A31
FAIPLIEKL,4,C03
KIWDPVHRV,0,A02
YGIPQRALR,1,A31
STLSPIAPR,1,A31
SLIEKYFSV,0,A02
MAFPSSQSL,4,C03
DALLIHDTV,3,B51
SEEPPGTEL,2,B40
SLIDFLRVV,0,A02
DAYDVPRGV,3,B51
SAIFRSDSL,4,C03
LGETGIWQL,3,B51
LLTEQIHSL,0,A02
MLNEHDFEV,0,A02
VLIDVLKEL,0,A02
GLTDVIRDV,0,A02
ALTEIQEFI,0,A02
GMLDGLVNV,0,A02
ALSELTQGV,0,A02
SINDKIIEL,5,C15
RIIDCAFTV,0,A02
SIWPALTQV,0,A02
SELMDITKL,2,B40
KLADQCTGL,0,A02
KLVPFLKKV,0,A02
ALLGKLDAI,0,A02
SIFEFVHAL,0,A02
SLFKDQMEL,0,A02
LEHVPDTVL,2,B40
FIDDANYSV,0,A02
LEGTKPMTL,2,B40
YLYQILQGI,0,A02
SLMEKISKL,0,A02
RLCKLLFFR,1,A31
RIIPRHLQL,5,C15
RQVEKAWAL,2,B40
LAHVDLIEK,1,A31
VLKVFLENV,0,A02
KLDEILKEI,0,A02
DAIRVTKTV,3,B51
AEIPADPKL,2,B40
TLHEILNEV,0,A02
VYFVHPTFR,1,A31
SLDSTLHAV,0,A02
GELTDLHGL,2,B40
GENLPTIIL,2,B40
SEHELDVAL,2,B40
SLHDALCVV,0,A02
ISNPNSIIL,5,C15
DPLGPVRTV,3,B51
SMSSTFFSR,1,A31
FSFKKSFKL,4,C03
YLTHDSPSV,0,A02
HEILNEVDL,2,B40
AAPPPPPPP,3,B51
GELIEVVHL,2,B40
AATDIFSYL,4,C03
SEAEIRVFL,2,B40
ASIRIPRTV,5,C15
SLFPHLSLR,1,A31
ILKEVLEGL,0,A02
ILDAQTAFV,0,A02
GETQDFHSL,2,B40
GLNDLQTQL,0,A02
SLAEPRVSV,0,A02
SAYLVAEKV,3,B51
AEINEIIRV,2,B40
PLPPPPPPP,0,A02
AYIGGIHYR,1,A31
RQIEVLTTV,0,A02
SLGELVKGV,0,A02
GEVPKFKAL,2,B40
VIFDLPTTV,0,A02
YPESVGREV,3,B51
ALTRALALA,0,A02
SLFPFIEKL,0,A02
VLAETLTQV,0,A02
KMLEELRLE,1,A31
REVVFVEDV,2,B40
GLVVVNHYL,0,A02
GLNEFIQNL,0,A02
IYSGYIRNR,1,A31
SLLQDLVSV,0,A02
GLAEFQENV,0,A02
KELGVGIAL,2,B40
WALSLLLSI,5,C15
LSDPFYRTL,4,C03
TLQEVVTGV,0,A02
ELCDIILRV,0,A02
ALNIATHVL,0,A02
ITTVPPNLR,1,A31
GEFKGSFRI,2,B40
SLVGKLEGT,0,A02
LYDRQGIGR,1,A31
FAVISRHSL,4,C03
FPHLQDAQV,3,B51
REVELVAFL,2,B40
LASPVSPEL,4,C03
ALAKAPFAA,0,A02
YSLPNAPTL,4,C03
VLFTGVKEV,0,A02
SLQSLIISV,0,A02
ALADLQEAV,0,A02
SLAELIQAL,0,A02
FQDDNNLYL,4,C03
SISGIGFSR,1,A31
ALAEKLDRL,0,A02
RLAELLVSV,0,A02
ILLPQFLGV,0,A02
GLASRILDA,0,A02
RMFPGEVAL,0,A02
AALPQVVAV,0,A02
LPFRVIPLV,3,B51
ELDVRITAL,0,A02
GLLENVRVR,1,A31
GSHPLPPKI,5,C15
RLGDKILQV,0,A02
NLINQEIML,0,A02
RIAEFTTNL,0,A02
ELKGTEVQL,0,A02
SLLGHVIRL,0,A02
KVLETLVTV,0,A02
VINNVLATI,0,A02
KLAEGVQLL,0,A02
TLSDFLTEI,0,A02
FQLESVNKL,2,B40
AHIIALESI,0,A02
GLSSDLQQV,0,A02
RLLDSEIKI,0,A02
RLLEKIRVL,0,A02
MMVGDLLEV,0,A02
LRGELVASL,0,A02
RILDESHSI,0,A02
ALLAEAPTL,0,A02
KPRFLVGLR,1,A31
NLYKAPILL,0,A02
LETRDGQVL,2,B40
SQIEADFRL,2,B40
ALGTLVSHV,0,A02
KLAEIVKQV,0,A02
YMIDNVILL,0,A02
ALWNEEALL,0,A02
RLQQLRELR,1,A31
VLNPETTVV,0,A02
SLLGGVLRV,0,A02
KLDPAVQQL,0,A02
FAIPGSIFL,4,C03
ALLAYAFAL,0,A02
RLYDTHITV,0,A02
MPYGSLYNV,3,B51
KDLVHEFVV,2,B40
KNEILDEVI,5,C15
GEIIGVKVL,2,B40
SLFRVITEV,0,A02
HASDRIIAL,4,C03
SILEDPPSI,0,A02
DAAAFFKSV,3,B51
RTLIPRYFR,1,A31
LLFSFAQAV,0,A02
TEEGQKIVL,2,B40
GEDLEKVTL,2,B40
GEVNVLDNL,2,B40
SENVLQVHL,2,B40
GENEDLLKL,2,B40
VTFPVRQPR,1,A31
ARMPEKVTW,1,A31
ATYPYQVVR,1,A31
SLIDQFFGV,0,A02
SLWPMTFGL,0,A02
GTYQPLSTR,1,A31
GMYPNLVHV,0,A02
AEERGELAL,2,B40
GEITGEVRM,2,B40
ILFGHENRV,0,A02
SEVGPVVSF,2,B40
AEDDFKKVL,2,B40
YLQEIQTQL,0,A02
KAFPASAAL,4,C03
ALLPVDIFL,0,A02
SEFQDDPVL,2,B40
KSIYPTLEI,5,C15
SLIADLEQL,0,A02
SLREKIQFI,0,A02
SLDAKEIYL,0,A02
STFGGGSTR,1,A31
TLLMCIVTV,0,A02
FALPGLLHA,0,A02
SETRVLVDI,2,B40
ATFAPLRSL,4,C03
VTQEIVTER,1,A31
ILKSPEIQR,1,A31
FQVPWLESV,0,A02
VPHGGFANI,3,B51
LPVNAQNYV,3,B51
SLIEYCIEL,0,A02
ALIAESQRL,0,A02
LPAELINQI,3,B51
FLDNERHEV,0,A02
SILSEVQQA,0,A02
GMLENCILL,0,A02
SEASFQEAL,2,B40
YLLEKSRAI,0,A02
NLWEDPYYL,0,A02
AEVTPLLNL,2,B40
GEVISYQQL,2,B40
GPGLASQAF,3,B51
YLAVESPFL,0,A02
SIIPPLFTV,0,A02
SEAGSRIVL,2,B40
FLLTIENEL,0,A02
SLIDKTTAA,0,A02
GELTQGSLL,2,B40
SLRDLLAEV,0,A02
IIVDPAREL,4,C03
LSIIPYEIT,0,A02
PHPPPPPPL,4,C03
RDVRDIFGV,2,B40
LSPHPLLQL,4,C03
LESELAVQL,2,B40
FLPPAQVTV,0,A02
ALPPPCESA,0,A02
SLVDIYSQL,0,A02
WQDVLPVNI,2,B40
LWALLVYNA,0,A02
PVMPVRNVY,1,A31
RIIEETLAL,5,C15
QLIQKFISV,0,A02
KLSPALWFA,0,A02
KLTELLVKA,0,A02
GLCDLIFNV,0,A02
HSNSVPLAL,5,C15
HPPPPPPPL,3,B51
DDLLLLASL,2,B40
YLTQVDILL,0,A02
SLLDSVVGL,0,A02
VLEEFVPEI,0,A02
LSNADERLR,1,A31
LPDGQVITI,3,B51
SESNHLIHL,2,B40
RVQFGVMTR,1,A31
KQQAVSEEI,0,A02
REGPEEPGL,2,B40
KEATELQSI,2,B40
RLLDVLAPL,0,A02
KIAESIPYL,0,A02
QEFVKAFYL,2,B40
SIVDFLITA,0,A02
GSIQSIPEI,5,C15
TAEMLNYSV,3,B51
KAFRSLQPC,0,A02
AELAEQLIL,2,B40
VAIQAVLSL,4,C03
GLTDIRTLV,0,A02
KNPSINQIL,5,C15
SLFPAELAL,0,A02
ALYGQPLLL,0,A02
ILLEHKVVL,0,A02
KFITILCTR,1,A31
AYIHIVFSR,1,A31
STRLFAVLR,1,A31
ATVHPGLEL,4,C03
VYYRVYYTR,1,A31
AFANLRKVL,0,A02
GSRFYFWTK,1,A31
MVVRNCSSF,4,C03
KLQELNYNL,0,A02
KLYPLPSAR,1,A31
ILAPLAWDL,0,A02
FFQGCPDRP,0,A02
KLVPQQLAH,1,A31
SLLDLEQKL,0,A02
SEAPEAPLL,2,B40
SLSSFLHGV,0,A02
GEVTDFLRL,2,B40
AAYLRALSL,4,C03
RLMKIGIVR,1,A31
QQMPVQHPR,1,A31
SEILLKEFL,2,B40
YTADPYHAL,4,C03
HEPAIQGVL,2,B40
ILAEFEMTL,0,A02
AMKDYLYGR,1,A31
ALDEICFKV,0,A02
ILTDVVIVV,0,A02
MLAGFITTL,0,A02
IPYPRPIHL,3,B51
SLWKEVSEL,0,A02
SLQETIQSL,0,A02
SEQKFLIGL,2,B40
GEFPSRIHL,2,B40
IQHDLIFSL,2,B40
ILLDIHIFM,0,A02
RNIPGITLL,5,C15
SEAVFKEEL,2,B40
MEDGPIVKL,2,B40
GEWVGFTLL,2,B40
RLVEIQYEL,0,A02
GLIDENPGL,0,A02
ATFPGMWER,1,A31
IEEFPVPAL,2,B40
VPPAPTATV,3,B51
QPPLDLKQI,3,B51
SEIEGNVTF,2,B40
FLLQDTVEL,0,A02
QEAAVIPRL,2,B40
RTSFFHVKR,1,A31
FIADLVVGL,0,A02
AVAPQVPAL,4,C03
HLAELIAEL,0,A02
AEAQQLITI,2,B40
DAPLNIRSI,3,B51
FPSIVGRPR,1,A31
SLIAGVIRV,0,A02
ALLNILSEV,0,A02
TWLVGKINR,1,A31
SLASLLAKV,0,A02
AAALPPRPL,4,C03
MLADVVFEI,0,A02
AEARLVVKL,2,B40
AEQIGCVEL,2,B40
TVISRVIGR,1,A31
AEIKDIGHL,2,B40
GESLPCVKL,2,B40
DTNAPDLSL,5,C15
QEVEGMNIL,2,B40
RELREVIEL,2,B40
FLQEQLVEL,0,A02
NEEGALSVL,2,B40
RSNEHIREL,5,C15
QLLDIKIRL,0,A02
GEYCPEVKL,2,B40
SDYPPLGRF,2,B40
SFLKDLVTV,0,A02
FLDNAIMIV,0,A02
KVLLCLFTV,0,A02
VLFELKLLL,0,A02
YLHSQVVSV,0,A02
MLRGLPITI,0,A02
DAVQFANRV,3,B51
PLAAVRPPL,0,A02
KIVDLLKNL,0,A02
KNLFRLFLR,1,A31
FLLPDVIRI,0,A02
ALLGGLVNV,0,A02
KIFPALCTV,0,A02
TSSLAAPGR,1,A31
KEFEGKTLV,2,B40
HGIFPKVLR,1,A31
ALYNWLIQV,0,A02
FQDPSFPAI,4,C03
FTDEESRVF,4,C03
REGDVITII,2,B40
KPEAGLSPP,3,B51
RKTIFVGGV,0,A02
SLADCIPLL,0,A02
FTVPHTHVF,4,C03
FLNNQEYVL,0,A02
KKNRALPFV,5,C15
REEPDLVLL,2,B40
RLPEIYIQL,0,A02
QLSPRLLEV,0,A02
KLYLPTGPR,1,A31
YLPEELAAL,0,A02
KMQYFQPTI,0,A02
KCIVNSISL,4,C03
FAVPENSSV,4,C03
SMERIPSSL,0,A02
GHTLLALAT,0,A02
VLDELGLSL,0,A02
MLIGEIFEL,0,A02
RLMGSILGV,0,A02
NLLSKEIEL,0,A02
SPVRLLLFL,3,B51
KEKMMNDSI,2,B40
ILAEIIILV,0,A02
SIFLVWTVV,0,A02
LLLRFPYAA,0,A02
APPPPPPPP,3,B51
KLVDYILGT,0,A02
PSPPPPPPP,3,B51
GEGPLDVRL,2,B40
NLASFIEQV,0,A02
KQVSDLISV,2,B40
GLDRLNVTV,0,A02
ILSEVQQAV,0,A02
GLIEKNIEL,0,A02
QQKAALQEL,2,B40
FLFQDILVL,0,A02
GLCQFIQEV,0,A02
VVMLPPRAR,1,A31
NLGDFLIFL,0,A02
KAAKARVTK,1,A31
KGEPILSTI,3,B51
KNTNVVDEL,5,C15
KAYDLLDKV,5,C15
